<?xml version="1.0" encoding="UTF-8"?>
<!DOCTYPE mapper PUBLIC "-//mybatis.org//DTD Mapper 3.0//EN" "http://mybatis.org/dtd/mybatis-3-mapper.dtd">
<mapper namespace="com.gome.scs.scsservice.emp.mapper.MdAbMapper">
  <resultMap id="BaseResultMap" type="com.gome.scs.scsservice.emp.entity.MdAb">
    <id column="ID" jdbcType="INTEGER" property="id" />
    <result column="CONTRACT_CODE" jdbcType="VARCHAR" property="contractCode" />
    <result column="SUPP_CODE" jdbcType="VARCHAR" property="suppCode" />
    <result column="COMPANY_CODE" jdbcType="CHAR" property="companyCode" />
    <result column="BUYORG_CODE" jdbcType="CHAR" property="buyorgCode" />
    <result column="CLASS_CODE" jdbcType="VARCHAR" property="classCode" />
    <result column="BRAND_CODE" jdbcType="VARCHAR" property="brandCode" />
    <result column="EFFECT_START_DATE" jdbcType="DATE" property="effectStartDate" />
    <result column="EFFECT_END_DATE" jdbcType="DATE" property="effectEndDate" />
    <result column="IS_REMOVED" jdbcType="CHAR" property="isRemoved" />
    <result column="MODIFY_DATE" jdbcType="DATE" property="modifyDate" />
    <result column="MODIFIER" jdbcType="VARCHAR" property="modifier" />
    <result column="INPUT_DATE" jdbcType="DATE" property="inputDate" />
    <result column="UPDATE_TIME" jdbcType="TIMESTAMP" property="updateTime" />
    <result column="CREATE_TIME" jdbcType="TIMESTAMP" property="createTime" />
  </resultMap>
  <sql id="Base_Column_List">
    ID, CONTRACT_CODE, SUPP_CODE, COMPANY_CODE, BUYORG_CODE, CLASS_CODE, BRAND_CODE, 
    EFFECT_START_DATE, EFFECT_END_DATE, IS_REMOVED, MODIFY_DATE, MODIFIER, INPUT_DATE, 
    UPDATE_TIME, CREATE_TIME
  </sql>
  <select id="selectByPrimaryKey" parameterType="java.lang.Integer" resultMap="BaseResultMap">
    select 
    <include refid="Base_Column_List" />
    from md_ab
    where ID = #{id,jdbcType=INTEGER}
  </select>
  <delete id="deleteByPrimaryKey" parameterType="java.lang.Integer">
    delete from md_ab
    where ID = #{id,jdbcType=INTEGER}
  </delete>
  <insert id="insert" parameterType="com.gome.scs.scsservice.emp.entity.MdAb">
    insert into md_ab (ID, CONTRACT_CODE, SUPP_CODE, 
      COMPANY_CODE, BUYORG_CODE, CLASS_CODE, 
      BRAND_CODE, EFFECT_START_DATE, EFFECT_END_DATE, 
      IS_REMOVED, MODIFY_DATE, MODIFIER, 
      INPUT_DATE, UPDATE_TIME, CREATE_TIME
      )
    values (#{id,jdbcType=INTEGER}, #{contractCode,jdbcType=VARCHAR}, #{suppCode,jdbcType=VARCHAR}, 
      #{companyCode,jdbcType=CHAR}, #{buyorgCode,jdbcType=CHAR}, #{classCode,jdbcType=VARCHAR}, 
      #{brandCode,jdbcType=VARCHAR}, #{effectStartDate,jdbcType=DATE}, #{effectEndDate,jdbcType=DATE}, 
      #{isRemoved,jdbcType=CHAR}, #{modifyDate,jdbcType=DATE}, #{modifier,jdbcType=VARCHAR}, 
      #{inputDate,jdbcType=DATE}, #{updateTime,jdbcType=TIMESTAMP}, #{createTime,jdbcType=TIMESTAMP}
      )
  </insert>
  <insert id="insertSelective" parameterType="com.gome.scs.scsservice.emp.entity.MdAb">
    insert into md_ab
    <trim prefix="(" suffix=")" suffixOverrides=",">
      <if test="id != null">
        ID,
      </if>
      <if test="contractCode != null">
        CONTRACT_CODE,
      </if>
      <if test="suppCode != null">
        SUPP_CODE,
      </if>
      <if test="companyCode != null">
        COMPANY_CODE,
      </if>
      <if test="buyorgCode != null">
        BUYORG_CODE,
      </if>
      <if test="classCode != null">
        CLASS_CODE,
      </if>
      <if test="brandCode != null">
        BRAND_CODE,
      </if>
      <if test="effectStartDate != null">
        EFFECT_START_DATE,
      </if>
      <if test="effectEndDate != null">
        EFFECT_END_DATE,
      </if>
      <if test="isRemoved != null">
        IS_REMOVED,
      </if>
      <if test="modifyDate != null">
        MODIFY_DATE,
      </if>
      <if test="modifier != null">
        MODIFIER,
      </if>
      <if test="inputDate != null">
        INPUT_DATE,
      </if>
      <if test="updateTime != null">
        UPDATE_TIME,
      </if>
      <if test="createTime != null">
        CREATE_TIME,
      </if>
    </trim>
    <trim prefix="values (" suffix=")" suffixOverrides=",">
      <if test="id != null">
        #{id,jdbcType=INTEGER},
      </if>
      <if test="contractCode != null">
        #{contractCode,jdbcType=VARCHAR},
      </if>
      <if test="suppCode != null">
        #{suppCode,jdbcType=VARCHAR},
      </if>
      <if test="companyCode != null">
        #{companyCode,jdbcType=CHAR},
      </if>
      <if test="buyorgCode != null">
        #{buyorgCode,jdbcType=CHAR},
      </if>
      <if test="classCode != null">
        #{classCode,jdbcType=VARCHAR},
      </if>
      <if test="brandCode != null">
        #{brandCode,jdbcType=VARCHAR},
      </if>
      <if test="effectStartDate != null">
        #{effectStartDate,jdbcType=DATE},
      </if>
      <if test="effectEndDate != null">
        #{effectEndDate,jdbcType=DATE},
      </if>
      <if test="isRemoved != null">
        #{isRemoved,jdbcType=CHAR},
      </if>
      <if test="modifyDate != null">
        #{modifyDate,jdbcType=DATE},
      </if>
      <if test="modifier != null">
        #{modifier,jdbcType=VARCHAR},
      </if>
      <if test="inputDate != null">
        #{inputDate,jdbcType=DATE},
      </if>
      <if test="updateTime != null">
        #{updateTime,jdbcType=TIMESTAMP},
      </if>
      <if test="createTime != null">
        #{createTime,jdbcType=TIMESTAMP},
      </if>
    </trim>
  </insert>
  <update id="updateByPrimaryKeySelective" parameterType="com.gome.scs.scsservice.emp.entity.MdAb">
    update md_ab
    <set>
      <if test="contractCode != null">
        CONTRACT_CODE = #{contractCode,jdbcType=VARCHAR},
      </if>
      <if test="suppCode != null">
        SUPP_CODE = #{suppCode,jdbcType=VARCHAR},
      </if>
      <if test="companyCode != null">
        COMPANY_CODE = #{companyCode,jdbcType=CHAR},
      </if>
      <if test="buyorgCode != null">
        BUYORG_CODE = #{buyorgCode,jdbcType=CHAR},
      </if>
      <if test="classCode != null">
        CLASS_CODE = #{classCode,jdbcType=VARCHAR},
      </if>
      <if test="brandCode != null">
        BRAND_CODE = #{brandCode,jdbcType=VARCHAR},
      </if>
      <if test="effectStartDate != null">
        EFFECT_START_DATE = #{effectStartDate,jdbcType=DATE},
      </if>
      <if test="effectEndDate != null">
        EFFECT_END_DATE = #{effectEndDate,jdbcType=DATE},
      </if>
      <if test="isRemoved != null">
        IS_REMOVED = #{isRemoved,jdbcType=CHAR},
      </if>
      <if test="modifyDate != null">
        MODIFY_DATE = #{modifyDate,jdbcType=DATE},
      </if>
      <if test="modifier != null">
        MODIFIER = #{modifier,jdbcType=VARCHAR},
      </if>
      <if test="inputDate != null">
        INPUT_DATE = #{inputDate,jdbcType=DATE},
      </if>
      <if test="updateTime != null">
        UPDATE_TIME = #{updateTime,jdbcType=TIMESTAMP},
      </if>
      <if test="createTime != null">
        CREATE_TIME = #{createTime,jdbcType=TIMESTAMP},
      </if>
    </set>
    where ID = #{id,jdbcType=INTEGER}
  </update>
  <update id="updateByPrimaryKey" parameterType="com.gome.scs.scsservice.emp.entity.MdAb">
    update md_ab
    set CONTRACT_CODE = #{contractCode,jdbcType=VARCHAR},
      SUPP_CODE = #{suppCode,jdbcType=VARCHAR},
      COMPANY_CODE = #{companyCode,jdbcType=CHAR},
      BUYORG_CODE = #{buyorgCode,jdbcType=CHAR},
      CLASS_CODE = #{classCode,jdbcType=VARCHAR},
      BRAND_CODE = #{brandCode,jdbcType=VARCHAR},
      EFFECT_START_DATE = #{effectStartDate,jdbcType=DATE},
      EFFECT_END_DATE = #{effectEndDate,jdbcType=DATE},
      IS_REMOVED = #{isRemoved,jdbcType=CHAR},
      MODIFY_DATE = #{modifyDate,jdbcType=DATE},
      MODIFIER = #{modifier,jdbcType=VARCHAR},
      INPUT_DATE = #{inputDate,jdbcType=DATE},
      UPDATE_TIME = #{updateTime,jdbcType=TIMESTAMP},
      CREATE_TIME = #{createTime,jdbcType=TIMESTAMP}
    where ID = #{id,jdbcType=INTEGER}
  </update>
</mapper>