<?xml version="1.0" encoding="UTF-8"?>
<!DOCTYPE mapper PUBLIC "-//mybatis.org//DTD Mapper 3.0//EN" "http://mybatis.org/dtd/mybatis-3-mapper.dtd">
<mapper namespace="com.gome.scs.scsservice.emp.mapper.MdAgreementMapper">
  <resultMap id="BaseResultMap" type="com.gome.scs.scsservice.emp.entity.MdAgreement">
    <id column="ID" jdbcType="INTEGER" property="id" />
    <result column="AGREEMENT_TYPE" jdbcType="VARCHAR" property="agreementType" />
    <result column="CONTRACT_CODE" jdbcType="VARCHAR" property="contractCode" />
    <result column="AGREEMENT_CODE" jdbcType="VARCHAR" property="agreementCode" />
    <result column="COMPANY_CODE" jdbcType="VARCHAR" property="companyCode" />
    <result column="SUPP_CODE" jdbcType="VARCHAR" property="suppCode" />
    <result column="BUYORG_CODE" jdbcType="VARCHAR" property="buyorgCode" />
    <result column="CLASS_TWO" jdbcType="VARCHAR" property="classTwo" />
    <result column="BRAND_CODE" jdbcType="VARCHAR" property="brandCode" />
    <result column="EFFECT_START_DATE" jdbcType="DATE" property="effectStartDate" />
    <result column="EFFECT_END_DATE" jdbcType="DATE" property="effectEndDate" />
    <result column="CREATE_DATE" jdbcType="DATE" property="createDate" />
    <result column="IS_REMOVED" jdbcType="VARCHAR" property="isRemoved" />
  </resultMap>
  <sql id="Base_Column_List">
    ID, AGREEMENT_TYPE, CONTRACT_CODE, AGREEMENT_CODE, COMPANY_CODE, SUPP_CODE, BUYORG_CODE, 
    CLASS_TWO, BRAND_CODE, EFFECT_START_DATE, EFFECT_END_DATE, CREATE_DATE, IS_REMOVED
  </sql>
  <select id="selectByPrimaryKey" parameterType="java.lang.Integer" resultMap="BaseResultMap">
    select 
    <include refid="Base_Column_List" />
    from md_agreement
    where ID = #{id,jdbcType=INTEGER}
  </select>
  <delete id="deleteByPrimaryKey" parameterType="java.lang.Integer">
    delete from md_agreement
    where ID = #{id,jdbcType=INTEGER}
  </delete>
  <insert id="insert" parameterType="com.gome.scs.scsservice.emp.entity.MdAgreement">
    insert into md_agreement (ID, AGREEMENT_TYPE, CONTRACT_CODE, 
      AGREEMENT_CODE, COMPANY_CODE, SUPP_CODE, 
      BUYORG_CODE, CLASS_TWO, BRAND_CODE, 
      EFFECT_START_DATE, EFFECT_END_DATE, CREATE_DATE, 
      IS_REMOVED)
    values (#{id,jdbcType=INTEGER}, #{agreementType,jdbcType=VARCHAR}, #{contractCode,jdbcType=VARCHAR}, 
      #{agreementCode,jdbcType=VARCHAR}, #{companyCode,jdbcType=VARCHAR}, #{suppCode,jdbcType=VARCHAR}, 
      #{buyorgCode,jdbcType=VARCHAR}, #{classTwo,jdbcType=VARCHAR}, #{brandCode,jdbcType=VARCHAR}, 
      #{effectStartDate,jdbcType=DATE}, #{effectEndDate,jdbcType=DATE}, #{createDate,jdbcType=DATE}, 
      #{isRemoved,jdbcType=VARCHAR})
  </insert>
  <insert id="insertSelective" parameterType="com.gome.scs.scsservice.emp.entity.MdAgreement">
    insert into md_agreement
    <trim prefix="(" suffix=")" suffixOverrides=",">
      <if test="id != null">
        ID,
      </if>
      <if test="agreementType != null">
        AGREEMENT_TYPE,
      </if>
      <if test="contractCode != null">
        CONTRACT_CODE,
      </if>
      <if test="agreementCode != null">
        AGREEMENT_CODE,
      </if>
      <if test="companyCode != null">
        COMPANY_CODE,
      </if>
      <if test="suppCode != null">
        SUPP_CODE,
      </if>
      <if test="buyorgCode != null">
        BUYORG_CODE,
      </if>
      <if test="classTwo != null">
        CLASS_TWO,
      </if>
      <if test="brandCode != null">
        BRAND_CODE,
      </if>
      <if test="effectStartDate != null">
        EFFECT_START_DATE,
      </if>
      <if test="effectEndDate != null">
        EFFECT_END_DATE,
      </if>
      <if test="createDate != null">
        CREATE_DATE,
      </if>
      <if test="isRemoved != null">
        IS_REMOVED,
      </if>
    </trim>
    <trim prefix="values (" suffix=")" suffixOverrides=",">
      <if test="id != null">
        #{id,jdbcType=INTEGER},
      </if>
      <if test="agreementType != null">
        #{agreementType,jdbcType=VARCHAR},
      </if>
      <if test="contractCode != null">
        #{contractCode,jdbcType=VARCHAR},
      </if>
      <if test="agreementCode != null">
        #{agreementCode,jdbcType=VARCHAR},
      </if>
      <if test="companyCode != null">
        #{companyCode,jdbcType=VARCHAR},
      </if>
      <if test="suppCode != null">
        #{suppCode,jdbcType=VARCHAR},
      </if>
      <if test="buyorgCode != null">
        #{buyorgCode,jdbcType=VARCHAR},
      </if>
      <if test="classTwo != null">
        #{classTwo,jdbcType=VARCHAR},
      </if>
      <if test="brandCode != null">
        #{brandCode,jdbcType=VARCHAR},
      </if>
      <if test="effectStartDate != null">
        #{effectStartDate,jdbcType=DATE},
      </if>
      <if test="effectEndDate != null">
        #{effectEndDate,jdbcType=DATE},
      </if>
      <if test="createDate != null">
        #{createDate,jdbcType=DATE},
      </if>
      <if test="isRemoved != null">
        #{isRemoved,jdbcType=VARCHAR},
      </if>
    </trim>
  </insert>
  <update id="updateByPrimaryKeySelective" parameterType="com.gome.scs.scsservice.emp.entity.MdAgreement">
    update md_agreement
    <set>
      <if test="agreementType != null">
        AGREEMENT_TYPE = #{agreementType,jdbcType=VARCHAR},
      </if>
      <if test="contractCode != null">
        CONTRACT_CODE = #{contractCode,jdbcType=VARCHAR},
      </if>
      <if test="agreementCode != null">
        AGREEMENT_CODE = #{agreementCode,jdbcType=VARCHAR},
      </if>
      <if test="companyCode != null">
        COMPANY_CODE = #{companyCode,jdbcType=VARCHAR},
      </if>
      <if test="suppCode != null">
        SUPP_CODE = #{suppCode,jdbcType=VARCHAR},
      </if>
      <if test="buyorgCode != null">
        BUYORG_CODE = #{buyorgCode,jdbcType=VARCHAR},
      </if>
      <if test="classTwo != null">
        CLASS_TWO = #{classTwo,jdbcType=VARCHAR},
      </if>
      <if test="brandCode != null">
        BRAND_CODE = #{brandCode,jdbcType=VARCHAR},
      </if>
      <if test="effectStartDate != null">
        EFFECT_START_DATE = #{effectStartDate,jdbcType=DATE},
      </if>
      <if test="effectEndDate != null">
        EFFECT_END_DATE = #{effectEndDate,jdbcType=DATE},
      </if>
      <if test="createDate != null">
        CREATE_DATE = #{createDate,jdbcType=DATE},
      </if>
      <if test="isRemoved != null">
        IS_REMOVED = #{isRemoved,jdbcType=VARCHAR},
      </if>
    </set>
    where ID = #{id,jdbcType=INTEGER}
  </update>
  <update id="updateByPrimaryKey" parameterType="com.gome.scs.scsservice.emp.entity.MdAgreement">
    update md_agreement
    set AGREEMENT_TYPE = #{agreementType,jdbcType=VARCHAR},
      CONTRACT_CODE = #{contractCode,jdbcType=VARCHAR},
      AGREEMENT_CODE = #{agreementCode,jdbcType=VARCHAR},
      COMPANY_CODE = #{companyCode,jdbcType=VARCHAR},
      SUPP_CODE = #{suppCode,jdbcType=VARCHAR},
      BUYORG_CODE = #{buyorgCode,jdbcType=VARCHAR},
      CLASS_TWO = #{classTwo,jdbcType=VARCHAR},
      BRAND_CODE = #{brandCode,jdbcType=VARCHAR},
      EFFECT_START_DATE = #{effectStartDate,jdbcType=DATE},
      EFFECT_END_DATE = #{effectEndDate,jdbcType=DATE},
      CREATE_DATE = #{createDate,jdbcType=DATE},
      IS_REMOVED = #{isRemoved,jdbcType=VARCHAR}
    where ID = #{id,jdbcType=INTEGER}
  </update>
</mapper>