<?xml version="1.0" encoding="UTF-8"?>
<!DOCTYPE mapper PUBLIC "-//mybatis.org//DTD Mapper 3.0//EN" "http://mybatis.org/dtd/mybatis-3-mapper.dtd">
<mapper namespace="com.gome.scs.scsservice.emp.mapper.MdAgreementItemMapper">
  <resultMap id="BaseResultMap" type="com.gome.scs.scsservice.emp.entity.MdAgreementItem">
    <id column="ID" jdbcType="INTEGER" property="id" />
    <result column="AGREEMENT_ID" jdbcType="INTEGER" property="agreementId" />
    <result column="AGREEMENT_CODE" jdbcType="VARCHAR" property="agreementCode" />
    <result column="BUY_CERT_CODE" jdbcType="VARCHAR" property="buyCertCode" />
    <result column="SKU_CODE" jdbcType="VARCHAR" property="skuCode" />
    <result column="TARGET_NUM" jdbcType="VARCHAR" property="targetNum" />
    <result column="BUY_ORDER_NUM" jdbcType="VARCHAR" property="buyOrderNum" />
    <result column="METER_UNIT" jdbcType="VARCHAR" property="meterUnit" />
    <result column="NET_PRICE" jdbcType="VARCHAR" property="netPrice" />
    <result column="PRICE_UNIT" jdbcType="VARCHAR" property="priceUnit" />
    <result column="BUY_ORDER_NET_VALUE" jdbcType="VARCHAR" property="buyOrderNetValue" />
    <result column="IS_REMOVED" jdbcType="VARCHAR" property="isRemoved" />
  </resultMap>
  <sql id="Base_Column_List">
    ID, AGREEMENT_ID, AGREEMENT_CODE, BUY_CERT_CODE, SKU_CODE, TARGET_NUM, BUY_ORDER_NUM, 
    METER_UNIT, NET_PRICE, PRICE_UNIT, BUY_ORDER_NET_VALUE, IS_REMOVED
  </sql>
  <select id="selectByPrimaryKey" parameterType="java.lang.Integer" resultMap="BaseResultMap">
    select 
    <include refid="Base_Column_List" />
    from md_agreement_item
    where ID = #{id,jdbcType=INTEGER}
  </select>
  <delete id="deleteByPrimaryKey" parameterType="java.lang.Integer">
    delete from md_agreement_item
    where ID = #{id,jdbcType=INTEGER}
  </delete>
  <insert id="insert" parameterType="com.gome.scs.scsservice.emp.entity.MdAgreementItem">
    insert into md_agreement_item (ID, AGREEMENT_ID, AGREEMENT_CODE, 
      BUY_CERT_CODE, SKU_CODE, TARGET_NUM, 
      BUY_ORDER_NUM, METER_UNIT, NET_PRICE, 
      PRICE_UNIT, BUY_ORDER_NET_VALUE, IS_REMOVED
      )
    values (#{id,jdbcType=INTEGER}, #{agreementId,jdbcType=INTEGER}, #{agreementCode,jdbcType=VARCHAR}, 
      #{buyCertCode,jdbcType=VARCHAR}, #{skuCode,jdbcType=VARCHAR}, #{targetNum,jdbcType=VARCHAR}, 
      #{buyOrderNum,jdbcType=VARCHAR}, #{meterUnit,jdbcType=VARCHAR}, #{netPrice,jdbcType=VARCHAR}, 
      #{priceUnit,jdbcType=VARCHAR}, #{buyOrderNetValue,jdbcType=VARCHAR}, #{isRemoved,jdbcType=VARCHAR}
      )
  </insert>
  <insert id="insertSelective" parameterType="com.gome.scs.scsservice.emp.entity.MdAgreementItem">
    insert into md_agreement_item
    <trim prefix="(" suffix=")" suffixOverrides=",">
      <if test="id != null">
        ID,
      </if>
      <if test="agreementId != null">
        AGREEMENT_ID,
      </if>
      <if test="agreementCode != null">
        AGREEMENT_CODE,
      </if>
      <if test="buyCertCode != null">
        BUY_CERT_CODE,
      </if>
      <if test="skuCode != null">
        SKU_CODE,
      </if>
      <if test="targetNum != null">
        TARGET_NUM,
      </if>
      <if test="buyOrderNum != null">
        BUY_ORDER_NUM,
      </if>
      <if test="meterUnit != null">
        METER_UNIT,
      </if>
      <if test="netPrice != null">
        NET_PRICE,
      </if>
      <if test="priceUnit != null">
        PRICE_UNIT,
      </if>
      <if test="buyOrderNetValue != null">
        BUY_ORDER_NET_VALUE,
      </if>
      <if test="isRemoved != null">
        IS_REMOVED,
      </if>
    </trim>
    <trim prefix="values (" suffix=")" suffixOverrides=",">
      <if test="id != null">
        #{id,jdbcType=INTEGER},
      </if>
      <if test="agreementId != null">
        #{agreementId,jdbcType=INTEGER},
      </if>
      <if test="agreementCode != null">
        #{agreementCode,jdbcType=VARCHAR},
      </if>
      <if test="buyCertCode != null">
        #{buyCertCode,jdbcType=VARCHAR},
      </if>
      <if test="skuCode != null">
        #{skuCode,jdbcType=VARCHAR},
      </if>
      <if test="targetNum != null">
        #{targetNum,jdbcType=VARCHAR},
      </if>
      <if test="buyOrderNum != null">
        #{buyOrderNum,jdbcType=VARCHAR},
      </if>
      <if test="meterUnit != null">
        #{meterUnit,jdbcType=VARCHAR},
      </if>
      <if test="netPrice != null">
        #{netPrice,jdbcType=VARCHAR},
      </if>
      <if test="priceUnit != null">
        #{priceUnit,jdbcType=VARCHAR},
      </if>
      <if test="buyOrderNetValue != null">
        #{buyOrderNetValue,jdbcType=VARCHAR},
      </if>
      <if test="isRemoved != null">
        #{isRemoved,jdbcType=VARCHAR},
      </if>
    </trim>
  </insert>
  <update id="updateByPrimaryKeySelective" parameterType="com.gome.scs.scsservice.emp.entity.MdAgreementItem">
    update md_agreement_item
    <set>
      <if test="agreementId != null">
        AGREEMENT_ID = #{agreementId,jdbcType=INTEGER},
      </if>
      <if test="agreementCode != null">
        AGREEMENT_CODE = #{agreementCode,jdbcType=VARCHAR},
      </if>
      <if test="buyCertCode != null">
        BUY_CERT_CODE = #{buyCertCode,jdbcType=VARCHAR},
      </if>
      <if test="skuCode != null">
        SKU_CODE = #{skuCode,jdbcType=VARCHAR},
      </if>
      <if test="targetNum != null">
        TARGET_NUM = #{targetNum,jdbcType=VARCHAR},
      </if>
      <if test="buyOrderNum != null">
        BUY_ORDER_NUM = #{buyOrderNum,jdbcType=VARCHAR},
      </if>
      <if test="meterUnit != null">
        METER_UNIT = #{meterUnit,jdbcType=VARCHAR},
      </if>
      <if test="netPrice != null">
        NET_PRICE = #{netPrice,jdbcType=VARCHAR},
      </if>
      <if test="priceUnit != null">
        PRICE_UNIT = #{priceUnit,jdbcType=VARCHAR},
      </if>
      <if test="buyOrderNetValue != null">
        BUY_ORDER_NET_VALUE = #{buyOrderNetValue,jdbcType=VARCHAR},
      </if>
      <if test="isRemoved != null">
        IS_REMOVED = #{isRemoved,jdbcType=VARCHAR},
      </if>
    </set>
    where ID = #{id,jdbcType=INTEGER}
  </update>
  <update id="updateByPrimaryKey" parameterType="com.gome.scs.scsservice.emp.entity.MdAgreementItem">
    update md_agreement_item
    set AGREEMENT_ID = #{agreementId,jdbcType=INTEGER},
      AGREEMENT_CODE = #{agreementCode,jdbcType=VARCHAR},
      BUY_CERT_CODE = #{buyCertCode,jdbcType=VARCHAR},
      SKU_CODE = #{skuCode,jdbcType=VARCHAR},
      TARGET_NUM = #{targetNum,jdbcType=VARCHAR},
      BUY_ORDER_NUM = #{buyOrderNum,jdbcType=VARCHAR},
      METER_UNIT = #{meterUnit,jdbcType=VARCHAR},
      NET_PRICE = #{netPrice,jdbcType=VARCHAR},
      PRICE_UNIT = #{priceUnit,jdbcType=VARCHAR},
      BUY_ORDER_NET_VALUE = #{buyOrderNetValue,jdbcType=VARCHAR},
      IS_REMOVED = #{isRemoved,jdbcType=VARCHAR}
    where ID = #{id,jdbcType=INTEGER}
  </update>
</mapper>