<?xml version="1.0" encoding="UTF-8"?>
<!DOCTYPE mapper PUBLIC "-//mybatis.org//DTD Mapper 3.0//EN" "http://mybatis.org/dtd/mybatis-3-mapper.dtd">
<mapper namespace="com.gome.scs.scsservice.emp.mapper.MdBrandMapper">
  <resultMap id="BaseResultMap" type="com.gome.scs.scsservice.emp.entity.MdBrand">
    <id column="ID" jdbcType="INTEGER" property="id" />
    <result column="BRAND_CODE" jdbcType="VARCHAR" property="brandCode" />
    <result column="BRAND_NAME" jdbcType="VARCHAR" property="brandName" />
    <result column="BRAND_NAME_EN" jdbcType="VARCHAR" property="brandNameEn" />
    <result column="BRAND_TYPE" jdbcType="VARCHAR" property="brandType" />
    <result column="SEARCH_ALIF" jdbcType="VARCHAR" property="searchAlif" />
    <result column="BRAND_SEARCH_DESCRIBE" jdbcType="VARCHAR" property="brandSearchDescribe" />
    <result column="UPDATE_TIME" jdbcType="TIMESTAMP" property="updateTime" />
    <result column="IS_REMOVED" jdbcType="VARCHAR" property="isRemoved" />
  </resultMap>
  <sql id="Base_Column_List">
    ID, BRAND_CODE, BRAND_NAME, BRAND_NAME_EN, BRAND_TYPE, SEARCH_ALIF, BRAND_SEARCH_DESCRIBE, 
    UPDATE_TIME, IS_REMOVED
  </sql>
  <select id="selectByPrimaryKey" parameterType="java.lang.Integer" resultMap="BaseResultMap">
    select 
    <include refid="Base_Column_List" />
    from md_brand
    where ID = #{id,jdbcType=INTEGER}
  </select>
  <delete id="deleteByPrimaryKey" parameterType="java.lang.Integer">
    delete from md_brand
    where ID = #{id,jdbcType=INTEGER}
  </delete>
  <insert id="insert" parameterType="com.gome.scs.scsservice.emp.entity.MdBrand">
    insert into md_brand (ID, BRAND_CODE, BRAND_NAME, 
      BRAND_NAME_EN, BRAND_TYPE, SEARCH_ALIF, 
      BRAND_SEARCH_DESCRIBE, UPDATE_TIME, IS_REMOVED
      )
    values (#{id,jdbcType=INTEGER}, #{brandCode,jdbcType=VARCHAR}, #{brandName,jdbcType=VARCHAR}, 
      #{brandNameEn,jdbcType=VARCHAR}, #{brandType,jdbcType=VARCHAR}, #{searchAlif,jdbcType=VARCHAR}, 
      #{brandSearchDescribe,jdbcType=VARCHAR}, #{updateTime,jdbcType=TIMESTAMP}, #{isRemoved,jdbcType=VARCHAR}
      )
  </insert>
  <insert id="insertSelective" parameterType="com.gome.scs.scsservice.emp.entity.MdBrand">
    insert into md_brand
    <trim prefix="(" suffix=")" suffixOverrides=",">
      <if test="id != null">
        ID,
      </if>
      <if test="brandCode != null">
        BRAND_CODE,
      </if>
      <if test="brandName != null">
        BRAND_NAME,
      </if>
      <if test="brandNameEn != null">
        BRAND_NAME_EN,
      </if>
      <if test="brandType != null">
        BRAND_TYPE,
      </if>
      <if test="searchAlif != null">
        SEARCH_ALIF,
      </if>
      <if test="brandSearchDescribe != null">
        BRAND_SEARCH_DESCRIBE,
      </if>
      <if test="updateTime != null">
        UPDATE_TIME,
      </if>
      <if test="isRemoved != null">
        IS_REMOVED,
      </if>
    </trim>
    <trim prefix="values (" suffix=")" suffixOverrides=",">
      <if test="id != null">
        #{id,jdbcType=INTEGER},
      </if>
      <if test="brandCode != null">
        #{brandCode,jdbcType=VARCHAR},
      </if>
      <if test="brandName != null">
        #{brandName,jdbcType=VARCHAR},
      </if>
      <if test="brandNameEn != null">
        #{brandNameEn,jdbcType=VARCHAR},
      </if>
      <if test="brandType != null">
        #{brandType,jdbcType=VARCHAR},
      </if>
      <if test="searchAlif != null">
        #{searchAlif,jdbcType=VARCHAR},
      </if>
      <if test="brandSearchDescribe != null">
        #{brandSearchDescribe,jdbcType=VARCHAR},
      </if>
      <if test="updateTime != null">
        #{updateTime,jdbcType=TIMESTAMP},
      </if>
      <if test="isRemoved != null">
        #{isRemoved,jdbcType=VARCHAR},
      </if>
    </trim>
  </insert>
  <update id="updateByPrimaryKeySelective" parameterType="com.gome.scs.scsservice.emp.entity.MdBrand">
    update md_brand
    <set>
      <if test="brandCode != null">
        BRAND_CODE = #{brandCode,jdbcType=VARCHAR},
      </if>
      <if test="brandName != null">
        BRAND_NAME = #{brandName,jdbcType=VARCHAR},
      </if>
      <if test="brandNameEn != null">
        BRAND_NAME_EN = #{brandNameEn,jdbcType=VARCHAR},
      </if>
      <if test="brandType != null">
        BRAND_TYPE = #{brandType,jdbcType=VARCHAR},
      </if>
      <if test="searchAlif != null">
        SEARCH_ALIF = #{searchAlif,jdbcType=VARCHAR},
      </if>
      <if test="brandSearchDescribe != null">
        BRAND_SEARCH_DESCRIBE = #{brandSearchDescribe,jdbcType=VARCHAR},
      </if>
      <if test="updateTime != null">
        UPDATE_TIME = #{updateTime,jdbcType=TIMESTAMP},
      </if>
      <if test="isRemoved != null">
        IS_REMOVED = #{isRemoved,jdbcType=VARCHAR},
      </if>
    </set>
    where ID = #{id,jdbcType=INTEGER}
  </update>
  <update id="updateByPrimaryKey" parameterType="com.gome.scs.scsservice.emp.entity.MdBrand">
    update md_brand
    set BRAND_CODE = #{brandCode,jdbcType=VARCHAR},
      BRAND_NAME = #{brandName,jdbcType=VARCHAR},
      BRAND_NAME_EN = #{brandNameEn,jdbcType=VARCHAR},
      BRAND_TYPE = #{brandType,jdbcType=VARCHAR},
      SEARCH_ALIF = #{searchAlif,jdbcType=VARCHAR},
      BRAND_SEARCH_DESCRIBE = #{brandSearchDescribe,jdbcType=VARCHAR},
      UPDATE_TIME = #{updateTime,jdbcType=TIMESTAMP},
      IS_REMOVED = #{isRemoved,jdbcType=VARCHAR}
    where ID = #{id,jdbcType=INTEGER}
  </update>
</mapper>