<?xml version="1.0" encoding="UTF-8"?>
<!DOCTYPE mapper PUBLIC "-//mybatis.org//DTD Mapper 3.0//EN" "http://mybatis.org/dtd/mybatis-3-mapper.dtd">
<mapper namespace="com.gome.scs.scsservice.emp.mapper.MdBuyorgMapper">
  <resultMap id="BaseResultMap" type="com.gome.scs.scsservice.emp.entity.MdBuyorg">
    <id column="ID" jdbcType="INTEGER" property="id" />
    <result column="BUYORG_CODE" jdbcType="VARCHAR" property="buyorgCode" />
    <result column="BUYORG_NAME" jdbcType="VARCHAR" property="buyorgName" />
    <result column="COMPANY_CODE" jdbcType="VARCHAR" property="companyCode" />
    <result column="UPDATE_TIME" jdbcType="TIMESTAMP" property="updateTime" />
    <result column="IS_REMOVED" jdbcType="VARCHAR" property="isRemoved" />
  </resultMap>
  <sql id="Base_Column_List">
    ID, BUYORG_CODE, BUYORG_NAME, COMPANY_CODE, UPDATE_TIME, IS_REMOVED
  </sql>
  <select id="selectByPrimaryKey" parameterType="java.lang.Integer" resultMap="BaseResultMap">
    select 
    <include refid="Base_Column_List" />
    from md_buyorg
    where ID = #{id,jdbcType=INTEGER}
  </select>
  <delete id="deleteByPrimaryKey" parameterType="java.lang.Integer">
    delete from md_buyorg
    where ID = #{id,jdbcType=INTEGER}
  </delete>
  <insert id="insert" parameterType="com.gome.scs.scsservice.emp.entity.MdBuyorg">
    insert into md_buyorg (ID, BUYORG_CODE, BUYORG_NAME, 
      COMPANY_CODE, UPDATE_TIME, IS_REMOVED
      )
    values (#{id,jdbcType=INTEGER}, #{buyorgCode,jdbcType=VARCHAR}, #{buyorgName,jdbcType=VARCHAR}, 
      #{companyCode,jdbcType=VARCHAR}, #{updateTime,jdbcType=TIMESTAMP}, #{isRemoved,jdbcType=VARCHAR}
      )
  </insert>
  <insert id="insertSelective" parameterType="com.gome.scs.scsservice.emp.entity.MdBuyorg">
    insert into md_buyorg
    <trim prefix="(" suffix=")" suffixOverrides=",">
      <if test="id != null">
        ID,
      </if>
      <if test="buyorgCode != null">
        BUYORG_CODE,
      </if>
      <if test="buyorgName != null">
        BUYORG_NAME,
      </if>
      <if test="companyCode != null">
        COMPANY_CODE,
      </if>
      <if test="updateTime != null">
        UPDATE_TIME,
      </if>
      <if test="isRemoved != null">
        IS_REMOVED,
      </if>
    </trim>
    <trim prefix="values (" suffix=")" suffixOverrides=",">
      <if test="id != null">
        #{id,jdbcType=INTEGER},
      </if>
      <if test="buyorgCode != null">
        #{buyorgCode,jdbcType=VARCHAR},
      </if>
      <if test="buyorgName != null">
        #{buyorgName,jdbcType=VARCHAR},
      </if>
      <if test="companyCode != null">
        #{companyCode,jdbcType=VARCHAR},
      </if>
      <if test="updateTime != null">
        #{updateTime,jdbcType=TIMESTAMP},
      </if>
      <if test="isRemoved != null">
        #{isRemoved,jdbcType=VARCHAR},
      </if>
    </trim>
  </insert>
  <update id="updateByPrimaryKeySelective" parameterType="com.gome.scs.scsservice.emp.entity.MdBuyorg">
    update md_buyorg
    <set>
      <if test="buyorgCode != null">
        BUYORG_CODE = #{buyorgCode,jdbcType=VARCHAR},
      </if>
      <if test="buyorgName != null">
        BUYORG_NAME = #{buyorgName,jdbcType=VARCHAR},
      </if>
      <if test="companyCode != null">
        COMPANY_CODE = #{companyCode,jdbcType=VARCHAR},
      </if>
      <if test="updateTime != null">
        UPDATE_TIME = #{updateTime,jdbcType=TIMESTAMP},
      </if>
      <if test="isRemoved != null">
        IS_REMOVED = #{isRemoved,jdbcType=VARCHAR},
      </if>
    </set>
    where ID = #{id,jdbcType=INTEGER}
  </update>
  <update id="updateByPrimaryKey" parameterType="com.gome.scs.scsservice.emp.entity.MdBuyorg">
    update md_buyorg
    set BUYORG_CODE = #{buyorgCode,jdbcType=VARCHAR},
      BUYORG_NAME = #{buyorgName,jdbcType=VARCHAR},
      COMPANY_CODE = #{companyCode,jdbcType=VARCHAR},
      UPDATE_TIME = #{updateTime,jdbcType=TIMESTAMP},
      IS_REMOVED = #{isRemoved,jdbcType=VARCHAR}
    where ID = #{id,jdbcType=INTEGER}
  </update>
</mapper>