<?xml version="1.0" encoding="UTF-8"?>
<!DOCTYPE mapper PUBLIC "-//mybatis.org//DTD Mapper 3.0//EN" "http://mybatis.org/dtd/mybatis-3-mapper.dtd">
<mapper namespace="com.gome.scs.scsservice.emp.mapper.MdBusinessModelMapper">
  <resultMap id="BaseResultMap" type="com.gome.scs.scsservice.emp.entity.MdBusinessModel">
    <id column="ID" jdbcType="INTEGER" property="id" />
    <result column="BUSINESS_MODEL_CODE" jdbcType="VARCHAR" property="businessModelCode" />
    <result column="BUSINESS_MODEL_NAME" jdbcType="VARCHAR" property="businessModelName" />
    <result column="IS_REMOVED" jdbcType="VARCHAR" property="isRemoved" />
  </resultMap>
  <sql id="Base_Column_List">
    ID, BUSINESS_MODEL_CODE, BUSINESS_MODEL_NAME, IS_REMOVED
  </sql>
  <select id="selectByPrimaryKey" parameterType="java.lang.Integer" resultMap="BaseResultMap">
    select 
    <include refid="Base_Column_List" />
    from md_business_model
    where ID = #{id,jdbcType=INTEGER}
  </select>
  <delete id="deleteByPrimaryKey" parameterType="java.lang.Integer">
    delete from md_business_model
    where ID = #{id,jdbcType=INTEGER}
  </delete>
  <insert id="insert" parameterType="com.gome.scs.scsservice.emp.entity.MdBusinessModel">
    insert into md_business_model (ID, BUSINESS_MODEL_CODE, BUSINESS_MODEL_NAME, 
      IS_REMOVED)
    values (#{id,jdbcType=INTEGER}, #{businessModelCode,jdbcType=VARCHAR}, #{businessModelName,jdbcType=VARCHAR}, 
      #{isRemoved,jdbcType=VARCHAR})
  </insert>
  <insert id="insertSelective" parameterType="com.gome.scs.scsservice.emp.entity.MdBusinessModel">
    insert into md_business_model
    <trim prefix="(" suffix=")" suffixOverrides=",">
      <if test="id != null">
        ID,
      </if>
      <if test="businessModelCode != null">
        BUSINESS_MODEL_CODE,
      </if>
      <if test="businessModelName != null">
        BUSINESS_MODEL_NAME,
      </if>
      <if test="isRemoved != null">
        IS_REMOVED,
      </if>
    </trim>
    <trim prefix="values (" suffix=")" suffixOverrides=",">
      <if test="id != null">
        #{id,jdbcType=INTEGER},
      </if>
      <if test="businessModelCode != null">
        #{businessModelCode,jdbcType=VARCHAR},
      </if>
      <if test="businessModelName != null">
        #{businessModelName,jdbcType=VARCHAR},
      </if>
      <if test="isRemoved != null">
        #{isRemoved,jdbcType=VARCHAR},
      </if>
    </trim>
  </insert>
  <update id="updateByPrimaryKeySelective" parameterType="com.gome.scs.scsservice.emp.entity.MdBusinessModel">
    update md_business_model
    <set>
      <if test="businessModelCode != null">
        BUSINESS_MODEL_CODE = #{businessModelCode,jdbcType=VARCHAR},
      </if>
      <if test="businessModelName != null">
        BUSINESS_MODEL_NAME = #{businessModelName,jdbcType=VARCHAR},
      </if>
      <if test="isRemoved != null">
        IS_REMOVED = #{isRemoved,jdbcType=VARCHAR},
      </if>
    </set>
    where ID = #{id,jdbcType=INTEGER}
  </update>
  <update id="updateByPrimaryKey" parameterType="com.gome.scs.scsservice.emp.entity.MdBusinessModel">
    update md_business_model
    set BUSINESS_MODEL_CODE = #{businessModelCode,jdbcType=VARCHAR},
      BUSINESS_MODEL_NAME = #{businessModelName,jdbcType=VARCHAR},
      IS_REMOVED = #{isRemoved,jdbcType=VARCHAR}
    where ID = #{id,jdbcType=INTEGER}
  </update>
</mapper>