<?xml version="1.0" encoding="UTF-8"?>
<!DOCTYPE mapper PUBLIC "-//mybatis.org//DTD Mapper 3.0//EN" "http://mybatis.org/dtd/mybatis-3-mapper.dtd">
<mapper namespace="com.gome.scs.scsservice.emp.mapper.MdClassMapper">
  <resultMap id="BaseResultMap" type="com.gome.scs.scsservice.emp.entity.MdClass">
    <id column="ID" jdbcType="INTEGER" property="id" />
    <result column="CLASS_CODE" jdbcType="VARCHAR" property="classCode" />
    <result column="CLASS_NAME" jdbcType="VARCHAR" property="className" />
    <result column="CLASS_TYPE" jdbcType="VARCHAR" property="classType" />
    <result column="PARENT_CLASS_CODE" jdbcType="VARCHAR" property="parentClassCode" />
    <result column="IS_LEAF" jdbcType="VARCHAR" property="isLeaf" />
    <result column="DIVISION_CODE" jdbcType="VARCHAR" property="divisionCode" />
    <result column="DIVISION_NAME" jdbcType="VARCHAR" property="divisionName" />
    <result column="BUSINESS_CENTER" jdbcType="VARCHAR" property="businessCenter" />
    <result column="PRODUCT_ATTR" jdbcType="VARCHAR" property="productAttr" />
    <result column="FITTING_ATTR" jdbcType="VARCHAR" property="fittingAttr" />
    <result column="WARRANTY_PRODUCT" jdbcType="VARCHAR" property="warrantyProduct" />
    <result column="UPDATE_TIME" jdbcType="TIMESTAMP" property="updateTime" />
    <result column="IS_REMOVED" jdbcType="VARCHAR" property="isRemoved" />
  </resultMap>
  <sql id="Base_Column_List">
    ID, CLASS_CODE, CLASS_NAME, CLASS_TYPE, PARENT_CLASS_CODE, IS_LEAF, DIVISION_CODE, 
    DIVISION_NAME, BUSINESS_CENTER, PRODUCT_ATTR, FITTING_ATTR, WARRANTY_PRODUCT, UPDATE_TIME, 
    IS_REMOVED
  </sql>
  <select id="selectByPrimaryKey" parameterType="java.lang.Integer" resultMap="BaseResultMap">
    select 
    <include refid="Base_Column_List" />
    from md_class
    where ID = #{id,jdbcType=INTEGER}
  </select>
  <delete id="deleteByPrimaryKey" parameterType="java.lang.Integer">
    delete from md_class
    where ID = #{id,jdbcType=INTEGER}
  </delete>
  <insert id="insert" parameterType="com.gome.scs.scsservice.emp.entity.MdClass">
    insert into md_class (ID, CLASS_CODE, CLASS_NAME, 
      CLASS_TYPE, PARENT_CLASS_CODE, IS_LEAF, 
      DIVISION_CODE, DIVISION_NAME, BUSINESS_CENTER, 
      PRODUCT_ATTR, FITTING_ATTR, WARRANTY_PRODUCT, 
      UPDATE_TIME, IS_REMOVED)
    values (#{id,jdbcType=INTEGER}, #{classCode,jdbcType=VARCHAR}, #{className,jdbcType=VARCHAR}, 
      #{classType,jdbcType=VARCHAR}, #{parentClassCode,jdbcType=VARCHAR}, #{isLeaf,jdbcType=VARCHAR}, 
      #{divisionCode,jdbcType=VARCHAR}, #{divisionName,jdbcType=VARCHAR}, #{businessCenter,jdbcType=VARCHAR}, 
      #{productAttr,jdbcType=VARCHAR}, #{fittingAttr,jdbcType=VARCHAR}, #{warrantyProduct,jdbcType=VARCHAR}, 
      #{updateTime,jdbcType=TIMESTAMP}, #{isRemoved,jdbcType=VARCHAR})
  </insert>
  <insert id="insertSelective" parameterType="com.gome.scs.scsservice.emp.entity.MdClass">
    insert into md_class
    <trim prefix="(" suffix=")" suffixOverrides=",">
      <if test="id != null">
        ID,
      </if>
      <if test="classCode != null">
        CLASS_CODE,
      </if>
      <if test="className != null">
        CLASS_NAME,
      </if>
      <if test="classType != null">
        CLASS_TYPE,
      </if>
      <if test="parentClassCode != null">
        PARENT_CLASS_CODE,
      </if>
      <if test="isLeaf != null">
        IS_LEAF,
      </if>
      <if test="divisionCode != null">
        DIVISION_CODE,
      </if>
      <if test="divisionName != null">
        DIVISION_NAME,
      </if>
      <if test="businessCenter != null">
        BUSINESS_CENTER,
      </if>
      <if test="productAttr != null">
        PRODUCT_ATTR,
      </if>
      <if test="fittingAttr != null">
        FITTING_ATTR,
      </if>
      <if test="warrantyProduct != null">
        WARRANTY_PRODUCT,
      </if>
      <if test="updateTime != null">
        UPDATE_TIME,
      </if>
      <if test="isRemoved != null">
        IS_REMOVED,
      </if>
    </trim>
    <trim prefix="values (" suffix=")" suffixOverrides=",">
      <if test="id != null">
        #{id,jdbcType=INTEGER},
      </if>
      <if test="classCode != null">
        #{classCode,jdbcType=VARCHAR},
      </if>
      <if test="className != null">
        #{className,jdbcType=VARCHAR},
      </if>
      <if test="classType != null">
        #{classType,jdbcType=VARCHAR},
      </if>
      <if test="parentClassCode != null">
        #{parentClassCode,jdbcType=VARCHAR},
      </if>
      <if test="isLeaf != null">
        #{isLeaf,jdbcType=VARCHAR},
      </if>
      <if test="divisionCode != null">
        #{divisionCode,jdbcType=VARCHAR},
      </if>
      <if test="divisionName != null">
        #{divisionName,jdbcType=VARCHAR},
      </if>
      <if test="businessCenter != null">
        #{businessCenter,jdbcType=VARCHAR},
      </if>
      <if test="productAttr != null">
        #{productAttr,jdbcType=VARCHAR},
      </if>
      <if test="fittingAttr != null">
        #{fittingAttr,jdbcType=VARCHAR},
      </if>
      <if test="warrantyProduct != null">
        #{warrantyProduct,jdbcType=VARCHAR},
      </if>
      <if test="updateTime != null">
        #{updateTime,jdbcType=TIMESTAMP},
      </if>
      <if test="isRemoved != null">
        #{isRemoved,jdbcType=VARCHAR},
      </if>
    </trim>
  </insert>
  <update id="updateByPrimaryKeySelective" parameterType="com.gome.scs.scsservice.emp.entity.MdClass">
    update md_class
    <set>
      <if test="classCode != null">
        CLASS_CODE = #{classCode,jdbcType=VARCHAR},
      </if>
      <if test="className != null">
        CLASS_NAME = #{className,jdbcType=VARCHAR},
      </if>
      <if test="classType != null">
        CLASS_TYPE = #{classType,jdbcType=VARCHAR},
      </if>
      <if test="parentClassCode != null">
        PARENT_CLASS_CODE = #{parentClassCode,jdbcType=VARCHAR},
      </if>
      <if test="isLeaf != null">
        IS_LEAF = #{isLeaf,jdbcType=VARCHAR},
      </if>
      <if test="divisionCode != null">
        DIVISION_CODE = #{divisionCode,jdbcType=VARCHAR},
      </if>
      <if test="divisionName != null">
        DIVISION_NAME = #{divisionName,jdbcType=VARCHAR},
      </if>
      <if test="businessCenter != null">
        BUSINESS_CENTER = #{businessCenter,jdbcType=VARCHAR},
      </if>
      <if test="productAttr != null">
        PRODUCT_ATTR = #{productAttr,jdbcType=VARCHAR},
      </if>
      <if test="fittingAttr != null">
        FITTING_ATTR = #{fittingAttr,jdbcType=VARCHAR},
      </if>
      <if test="warrantyProduct != null">
        WARRANTY_PRODUCT = #{warrantyProduct,jdbcType=VARCHAR},
      </if>
      <if test="updateTime != null">
        UPDATE_TIME = #{updateTime,jdbcType=TIMESTAMP},
      </if>
      <if test="isRemoved != null">
        IS_REMOVED = #{isRemoved,jdbcType=VARCHAR},
      </if>
    </set>
    where ID = #{id,jdbcType=INTEGER}
  </update>
  <update id="updateByPrimaryKey" parameterType="com.gome.scs.scsservice.emp.entity.MdClass">
    update md_class
    set CLASS_CODE = #{classCode,jdbcType=VARCHAR},
      CLASS_NAME = #{className,jdbcType=VARCHAR},
      CLASS_TYPE = #{classType,jdbcType=VARCHAR},
      PARENT_CLASS_CODE = #{parentClassCode,jdbcType=VARCHAR},
      IS_LEAF = #{isLeaf,jdbcType=VARCHAR},
      DIVISION_CODE = #{divisionCode,jdbcType=VARCHAR},
      DIVISION_NAME = #{divisionName,jdbcType=VARCHAR},
      BUSINESS_CENTER = #{businessCenter,jdbcType=VARCHAR},
      PRODUCT_ATTR = #{productAttr,jdbcType=VARCHAR},
      FITTING_ATTR = #{fittingAttr,jdbcType=VARCHAR},
      WARRANTY_PRODUCT = #{warrantyProduct,jdbcType=VARCHAR},
      UPDATE_TIME = #{updateTime,jdbcType=TIMESTAMP},
      IS_REMOVED = #{isRemoved,jdbcType=VARCHAR}
    where ID = #{id,jdbcType=INTEGER}
  </update>
</mapper>