<?xml version="1.0" encoding="UTF-8"?>
<!DOCTYPE mapper PUBLIC "-//mybatis.org//DTD Mapper 3.0//EN" "http://mybatis.org/dtd/mybatis-3-mapper.dtd">
<mapper namespace="com.gome.scs.scsservice.emp.mapper.MdCommodityMapper">
  <resultMap id="BaseResultMap" type="com.gome.scs.scsservice.emp.entity.MdCommodity">
    <id column="ID" jdbcType="INTEGER" property="id" />
    <result column="COMMODITY_CODE" jdbcType="VARCHAR" property="commodityCode" />
    <result column="COMMODITY_NAME" jdbcType="VARCHAR" property="commodityName" />
    <result column="COMMODITY_TYPE" jdbcType="VARCHAR" property="commodityType" />
    <result column="BRAND_CODE" jdbcType="VARCHAR" property="brandCode" />
    <result column="CLASS_CODE" jdbcType="VARCHAR" property="classCode" />
    <result column="ORIGIN_PLACE" jdbcType="VARCHAR" property="originPlace" />
    <result column="UNIT" jdbcType="VARCHAR" property="unit" />
    <result column="WEIGHT" jdbcType="VARCHAR" property="weight" />
    <result column="EAN_CODE" jdbcType="VARCHAR" property="eanCode" />
    <result column="TAX_TYPE" jdbcType="VARCHAR" property="taxType" />
    <result column="LENGTH" jdbcType="VARCHAR" property="length" />
    <result column="WIDE" jdbcType="VARCHAR" property="wide" />
    <result column="HIGH" jdbcType="VARCHAR" property="high" />
    <result column="CLASS_ONE" jdbcType="VARCHAR" property="classOne" />
    <result column="CLASS_TWO" jdbcType="VARCHAR" property="classTwo" />
    <result column="CLASS_THREE" jdbcType="VARCHAR" property="classThree" />
    <result column="COMMODITY_GROUP" jdbcType="VARCHAR" property="commodityGroup" />
    <result column="STACKING_LEVEL" jdbcType="VARCHAR" property="stackingLevel" />
    <result column="SELLING_POINT" jdbcType="VARCHAR" property="sellingPoint" />
    <result column="COMMODITY_SHAPE" jdbcType="VARCHAR" property="commodityShape" />
    <result column="WARRANTY_UPPER_LIMIT" jdbcType="VARCHAR" property="warrantyUpperLimit" />
    <result column="WARRANTY_LOWER_LIMIT" jdbcType="VARCHAR" property="warrantyLowerLimit" />
    <result column="ABC_MARK" jdbcType="VARCHAR" property="abcMark" />
    <result column="COMMODITY_STATUS" jdbcType="VARCHAR" property="commodityStatus" />
    <result column="PRODUCE_TYPE" jdbcType="VARCHAR" property="produceType" />
    <result column="SERIES" jdbcType="VARCHAR" property="series" />
    <result column="IS_REMOVED" jdbcType="VARCHAR" property="isRemoved" />
  </resultMap>
  <sql id="Base_Column_List">
    ID, COMMODITY_CODE, COMMODITY_NAME, COMMODITY_TYPE, BRAND_CODE, CLASS_CODE, ORIGIN_PLACE, 
    UNIT, WEIGHT, EAN_CODE, TAX_TYPE, LENGTH, WIDE, HIGH, CLASS_ONE, CLASS_TWO, CLASS_THREE, 
    COMMODITY_GROUP, STACKING_LEVEL, SELLING_POINT, COMMODITY_SHAPE, WARRANTY_UPPER_LIMIT, 
    WARRANTY_LOWER_LIMIT, ABC_MARK, COMMODITY_STATUS, PRODUCE_TYPE, SERIES, IS_REMOVED
  </sql>
  <select id="selectByPrimaryKey" parameterType="java.lang.Integer" resultMap="BaseResultMap">
    select 
    <include refid="Base_Column_List" />
    from md_commodity
    where ID = #{id,jdbcType=INTEGER}
  </select>
  <delete id="deleteByPrimaryKey" parameterType="java.lang.Integer">
    delete from md_commodity
    where ID = #{id,jdbcType=INTEGER}
  </delete>
  <insert id="insert" parameterType="com.gome.scs.scsservice.emp.entity.MdCommodity">
    insert into md_commodity (ID, COMMODITY_CODE, COMMODITY_NAME, 
      COMMODITY_TYPE, BRAND_CODE, CLASS_CODE, 
      ORIGIN_PLACE, UNIT, WEIGHT, 
      EAN_CODE, TAX_TYPE, LENGTH, 
      WIDE, HIGH, CLASS_ONE, 
      CLASS_TWO, CLASS_THREE, COMMODITY_GROUP, 
      STACKING_LEVEL, SELLING_POINT, COMMODITY_SHAPE, 
      WARRANTY_UPPER_LIMIT, WARRANTY_LOWER_LIMIT, 
      ABC_MARK, COMMODITY_STATUS, PRODUCE_TYPE, 
      SERIES, IS_REMOVED)
    values (#{id,jdbcType=INTEGER}, #{commodityCode,jdbcType=VARCHAR}, #{commodityName,jdbcType=VARCHAR}, 
      #{commodityType,jdbcType=VARCHAR}, #{brandCode,jdbcType=VARCHAR}, #{classCode,jdbcType=VARCHAR}, 
      #{originPlace,jdbcType=VARCHAR}, #{unit,jdbcType=VARCHAR}, #{weight,jdbcType=VARCHAR}, 
      #{eanCode,jdbcType=VARCHAR}, #{taxType,jdbcType=VARCHAR}, #{length,jdbcType=VARCHAR}, 
      #{wide,jdbcType=VARCHAR}, #{high,jdbcType=VARCHAR}, #{classOne,jdbcType=VARCHAR}, 
      #{classTwo,jdbcType=VARCHAR}, #{classThree,jdbcType=VARCHAR}, #{commodityGroup,jdbcType=VARCHAR}, 
      #{stackingLevel,jdbcType=VARCHAR}, #{sellingPoint,jdbcType=VARCHAR}, #{commodityShape,jdbcType=VARCHAR}, 
      #{warrantyUpperLimit,jdbcType=VARCHAR}, #{warrantyLowerLimit,jdbcType=VARCHAR}, 
      #{abcMark,jdbcType=VARCHAR}, #{commodityStatus,jdbcType=VARCHAR}, #{produceType,jdbcType=VARCHAR}, 
      #{series,jdbcType=VARCHAR}, #{isRemoved,jdbcType=VARCHAR})
  </insert>
  <insert id="insertSelective" parameterType="com.gome.scs.scsservice.emp.entity.MdCommodity">
    insert into md_commodity
    <trim prefix="(" suffix=")" suffixOverrides=",">
      <if test="id != null">
        ID,
      </if>
      <if test="commodityCode != null">
        COMMODITY_CODE,
      </if>
      <if test="commodityName != null">
        COMMODITY_NAME,
      </if>
      <if test="commodityType != null">
        COMMODITY_TYPE,
      </if>
      <if test="brandCode != null">
        BRAND_CODE,
      </if>
      <if test="classCode != null">
        CLASS_CODE,
      </if>
      <if test="originPlace != null">
        ORIGIN_PLACE,
      </if>
      <if test="unit != null">
        UNIT,
      </if>
      <if test="weight != null">
        WEIGHT,
      </if>
      <if test="eanCode != null">
        EAN_CODE,
      </if>
      <if test="taxType != null">
        TAX_TYPE,
      </if>
      <if test="length != null">
        LENGTH,
      </if>
      <if test="wide != null">
        WIDE,
      </if>
      <if test="high != null">
        HIGH,
      </if>
      <if test="classOne != null">
        CLASS_ONE,
      </if>
      <if test="classTwo != null">
        CLASS_TWO,
      </if>
      <if test="classThree != null">
        CLASS_THREE,
      </if>
      <if test="commodityGroup != null">
        COMMODITY_GROUP,
      </if>
      <if test="stackingLevel != null">
        STACKING_LEVEL,
      </if>
      <if test="sellingPoint != null">
        SELLING_POINT,
      </if>
      <if test="commodityShape != null">
        COMMODITY_SHAPE,
      </if>
      <if test="warrantyUpperLimit != null">
        WARRANTY_UPPER_LIMIT,
      </if>
      <if test="warrantyLowerLimit != null">
        WARRANTY_LOWER_LIMIT,
      </if>
      <if test="abcMark != null">
        ABC_MARK,
      </if>
      <if test="commodityStatus != null">
        COMMODITY_STATUS,
      </if>
      <if test="produceType != null">
        PRODUCE_TYPE,
      </if>
      <if test="series != null">
        SERIES,
      </if>
      <if test="isRemoved != null">
        IS_REMOVED,
      </if>
    </trim>
    <trim prefix="values (" suffix=")" suffixOverrides=",">
      <if test="id != null">
        #{id,jdbcType=INTEGER},
      </if>
      <if test="commodityCode != null">
        #{commodityCode,jdbcType=VARCHAR},
      </if>
      <if test="commodityName != null">
        #{commodityName,jdbcType=VARCHAR},
      </if>
      <if test="commodityType != null">
        #{commodityType,jdbcType=VARCHAR},
      </if>
      <if test="brandCode != null">
        #{brandCode,jdbcType=VARCHAR},
      </if>
      <if test="classCode != null">
        #{classCode,jdbcType=VARCHAR},
      </if>
      <if test="originPlace != null">
        #{originPlace,jdbcType=VARCHAR},
      </if>
      <if test="unit != null">
        #{unit,jdbcType=VARCHAR},
      </if>
      <if test="weight != null">
        #{weight,jdbcType=VARCHAR},
      </if>
      <if test="eanCode != null">
        #{eanCode,jdbcType=VARCHAR},
      </if>
      <if test="taxType != null">
        #{taxType,jdbcType=VARCHAR},
      </if>
      <if test="length != null">
        #{length,jdbcType=VARCHAR},
      </if>
      <if test="wide != null">
        #{wide,jdbcType=VARCHAR},
      </if>
      <if test="high != null">
        #{high,jdbcType=VARCHAR},
      </if>
      <if test="classOne != null">
        #{classOne,jdbcType=VARCHAR},
      </if>
      <if test="classTwo != null">
        #{classTwo,jdbcType=VARCHAR},
      </if>
      <if test="classThree != null">
        #{classThree,jdbcType=VARCHAR},
      </if>
      <if test="commodityGroup != null">
        #{commodityGroup,jdbcType=VARCHAR},
      </if>
      <if test="stackingLevel != null">
        #{stackingLevel,jdbcType=VARCHAR},
      </if>
      <if test="sellingPoint != null">
        #{sellingPoint,jdbcType=VARCHAR},
      </if>
      <if test="commodityShape != null">
        #{commodityShape,jdbcType=VARCHAR},
      </if>
      <if test="warrantyUpperLimit != null">
        #{warrantyUpperLimit,jdbcType=VARCHAR},
      </if>
      <if test="warrantyLowerLimit != null">
        #{warrantyLowerLimit,jdbcType=VARCHAR},
      </if>
      <if test="abcMark != null">
        #{abcMark,jdbcType=VARCHAR},
      </if>
      <if test="commodityStatus != null">
        #{commodityStatus,jdbcType=VARCHAR},
      </if>
      <if test="produceType != null">
        #{produceType,jdbcType=VARCHAR},
      </if>
      <if test="series != null">
        #{series,jdbcType=VARCHAR},
      </if>
      <if test="isRemoved != null">
        #{isRemoved,jdbcType=VARCHAR},
      </if>
    </trim>
  </insert>
  <update id="updateByPrimaryKeySelective" parameterType="com.gome.scs.scsservice.emp.entity.MdCommodity">
    update md_commodity
    <set>
      <if test="commodityCode != null">
        COMMODITY_CODE = #{commodityCode,jdbcType=VARCHAR},
      </if>
      <if test="commodityName != null">
        COMMODITY_NAME = #{commodityName,jdbcType=VARCHAR},
      </if>
      <if test="commodityType != null">
        COMMODITY_TYPE = #{commodityType,jdbcType=VARCHAR},
      </if>
      <if test="brandCode != null">
        BRAND_CODE = #{brandCode,jdbcType=VARCHAR},
      </if>
      <if test="classCode != null">
        CLASS_CODE = #{classCode,jdbcType=VARCHAR},
      </if>
      <if test="originPlace != null">
        ORIGIN_PLACE = #{originPlace,jdbcType=VARCHAR},
      </if>
      <if test="unit != null">
        UNIT = #{unit,jdbcType=VARCHAR},
      </if>
      <if test="weight != null">
        WEIGHT = #{weight,jdbcType=VARCHAR},
      </if>
      <if test="eanCode != null">
        EAN_CODE = #{eanCode,jdbcType=VARCHAR},
      </if>
      <if test="taxType != null">
        TAX_TYPE = #{taxType,jdbcType=VARCHAR},
      </if>
      <if test="length != null">
        LENGTH = #{length,jdbcType=VARCHAR},
      </if>
      <if test="wide != null">
        WIDE = #{wide,jdbcType=VARCHAR},
      </if>
      <if test="high != null">
        HIGH = #{high,jdbcType=VARCHAR},
      </if>
      <if test="classOne != null">
        CLASS_ONE = #{classOne,jdbcType=VARCHAR},
      </if>
      <if test="classTwo != null">
        CLASS_TWO = #{classTwo,jdbcType=VARCHAR},
      </if>
      <if test="classThree != null">
        CLASS_THREE = #{classThree,jdbcType=VARCHAR},
      </if>
      <if test="commodityGroup != null">
        COMMODITY_GROUP = #{commodityGroup,jdbcType=VARCHAR},
      </if>
      <if test="stackingLevel != null">
        STACKING_LEVEL = #{stackingLevel,jdbcType=VARCHAR},
      </if>
      <if test="sellingPoint != null">
        SELLING_POINT = #{sellingPoint,jdbcType=VARCHAR},
      </if>
      <if test="commodityShape != null">
        COMMODITY_SHAPE = #{commodityShape,jdbcType=VARCHAR},
      </if>
      <if test="warrantyUpperLimit != null">
        WARRANTY_UPPER_LIMIT = #{warrantyUpperLimit,jdbcType=VARCHAR},
      </if>
      <if test="warrantyLowerLimit != null">
        WARRANTY_LOWER_LIMIT = #{warrantyLowerLimit,jdbcType=VARCHAR},
      </if>
      <if test="abcMark != null">
        ABC_MARK = #{abcMark,jdbcType=VARCHAR},
      </if>
      <if test="commodityStatus != null">
        COMMODITY_STATUS = #{commodityStatus,jdbcType=VARCHAR},
      </if>
      <if test="produceType != null">
        PRODUCE_TYPE = #{produceType,jdbcType=VARCHAR},
      </if>
      <if test="series != null">
        SERIES = #{series,jdbcType=VARCHAR},
      </if>
      <if test="isRemoved != null">
        IS_REMOVED = #{isRemoved,jdbcType=VARCHAR},
      </if>
    </set>
    where ID = #{id,jdbcType=INTEGER}
  </update>
  <update id="updateByPrimaryKey" parameterType="com.gome.scs.scsservice.emp.entity.MdCommodity">
    update md_commodity
    set COMMODITY_CODE = #{commodityCode,jdbcType=VARCHAR},
      COMMODITY_NAME = #{commodityName,jdbcType=VARCHAR},
      COMMODITY_TYPE = #{commodityType,jdbcType=VARCHAR},
      BRAND_CODE = #{brandCode,jdbcType=VARCHAR},
      CLASS_CODE = #{classCode,jdbcType=VARCHAR},
      ORIGIN_PLACE = #{originPlace,jdbcType=VARCHAR},
      UNIT = #{unit,jdbcType=VARCHAR},
      WEIGHT = #{weight,jdbcType=VARCHAR},
      EAN_CODE = #{eanCode,jdbcType=VARCHAR},
      TAX_TYPE = #{taxType,jdbcType=VARCHAR},
      LENGTH = #{length,jdbcType=VARCHAR},
      WIDE = #{wide,jdbcType=VARCHAR},
      HIGH = #{high,jdbcType=VARCHAR},
      CLASS_ONE = #{classOne,jdbcType=VARCHAR},
      CLASS_TWO = #{classTwo,jdbcType=VARCHAR},
      CLASS_THREE = #{classThree,jdbcType=VARCHAR},
      COMMODITY_GROUP = #{commodityGroup,jdbcType=VARCHAR},
      STACKING_LEVEL = #{stackingLevel,jdbcType=VARCHAR},
      SELLING_POINT = #{sellingPoint,jdbcType=VARCHAR},
      COMMODITY_SHAPE = #{commodityShape,jdbcType=VARCHAR},
      WARRANTY_UPPER_LIMIT = #{warrantyUpperLimit,jdbcType=VARCHAR},
      WARRANTY_LOWER_LIMIT = #{warrantyLowerLimit,jdbcType=VARCHAR},
      ABC_MARK = #{abcMark,jdbcType=VARCHAR},
      COMMODITY_STATUS = #{commodityStatus,jdbcType=VARCHAR},
      PRODUCE_TYPE = #{produceType,jdbcType=VARCHAR},
      SERIES = #{series,jdbcType=VARCHAR},
      IS_REMOVED = #{isRemoved,jdbcType=VARCHAR}
    where ID = #{id,jdbcType=INTEGER}
  </update>
</mapper>