<?xml version="1.0" encoding="UTF-8"?>
<!DOCTYPE mapper PUBLIC "-//mybatis.org//DTD Mapper 3.0//EN" "http://mybatis.org/dtd/mybatis-3-mapper.dtd">
<mapper namespace="com.gome.scs.scsservice.emp.mapper.MdContractInfoMapper">
  <resultMap id="BaseResultMap" type="com.gome.scs.scsservice.emp.entity.MdContractInfo">
    <id column="ID" jdbcType="INTEGER" property="id" />
    <result column="DOCUMENT_TYPE" jdbcType="VARCHAR" property="documentType" />
    <result column="CONTRACT_CODE" jdbcType="VARCHAR" property="contractCode" />
    <result column="COMPANY_CODE" jdbcType="CHAR" property="companyCode" />
    <result column="BUYORG_CODE" jdbcType="CHAR" property="buyorgCode" />
    <result column="SUPP_CODE" jdbcType="VARCHAR" property="suppCode" />
    <result column="CLASS_CODE" jdbcType="VARCHAR" property="classCode" />
    <result column="CLASS_TYPE" jdbcType="TINYINT" property="classType" />
    <result column="BRAND_CODE" jdbcType="VARCHAR" property="brandCode" />
    <result column="COMMODITY_CODE" jdbcType="VARCHAR" property="commodityCode" />
    <result column="TRAN_CONTRACT_CODE" jdbcType="VARCHAR" property="tranContractCode" />
    <result column="IS_TRAN_ADJUST" jdbcType="VARCHAR" property="isTranAdjust" />
    <result column="PAY_TERM_CODE" jdbcType="CHAR" property="payTermCode" />
    <result column="PAY_MODE_CODE" jdbcType="CHAR" property="payModeCode" />
    <result column="ISSUE" jdbcType="VARCHAR" property="issue" />
    <result column="INVOICE_TYPE" jdbcType="VARCHAR" property="invoiceType" />
    <result column="EFFECT_START_DATE" jdbcType="DATE" property="effectStartDate" />
    <result column="EFFECT_END_DATE" jdbcType="DATE" property="effectEndDate" />
    <result column="REAL_END_DATE" jdbcType="DATE" property="realEndDate" />
    <result column="BUYGRP_CODE" jdbcType="INTEGER" property="buygrpCode" />
    <result column="AREA" jdbcType="VARCHAR" property="area" />
    <result column="REGION" jdbcType="CHAR" property="region" />
    <result column="REMARK" jdbcType="VARCHAR" property="remark" />
    <result column="EMP_FORM_CODE" jdbcType="VARCHAR" property="empFormCode" />
    <result column="CONTRACT_SIGN" jdbcType="INTEGER" property="contractSign" />
    <result column="OA_ADJUST_CODE" jdbcType="VARCHAR" property="oaAdjustCode" />
    <result column="IS_VIRTUAL_CONTRACT" jdbcType="CHAR" property="isVirtualContract" />
    <result column="IS_PROTO_CONTRACT" jdbcType="CHAR" property="isProtoContract" />
    <result column="IS_ONE_STEP_VIRTUAL" jdbcType="CHAR" property="isOneStepVirtual" />
    <result column="EMP_REVOKE_SHOP_CODE" jdbcType="VARCHAR" property="empRevokeShopCode" />
    <result column="IMAGE_VALID_DATE" jdbcType="DATE" property="imageValidDate" />
    <result column="SCOPE" jdbcType="TINYINT" property="scope" />
    <result column="VISIT_STORE" jdbcType="VARCHAR" property="visitStore" />
    <result column="CHARACTER_ID" jdbcType="CHAR" property="characterId" />
    <result column="CONTRACT_YEAR" jdbcType="SMALLINT" property="contractYear" />
    <result column="EXCHANGE_FREIGHT" jdbcType="CHAR" property="exchangeFreight" />
    <result column="IMPERFECTION_FREIGHT" jdbcType="CHAR" property="imperfectionFreight" />
    <result column="IMPERFECTION_RATE" jdbcType="REAL" property="imperfectionRate" />
    <result column="HEEL_PRICE_FREIGHT" jdbcType="CHAR" property="heelPriceFreight" />
    <result column="HEEL_PRICE_RATE" jdbcType="REAL" property="heelPriceRate" />
    <result column="COLLECT_DELAY_DELIVERY_FREIGHT" jdbcType="VARCHAR" property="collectDelayDeliveryFreight" />
    <result column="IS_REMOVED" jdbcType="CHAR" property="isRemoved" />
    <result column="CREATOR" jdbcType="VARCHAR" property="creator" />
    <result column="CREATE_TIME" jdbcType="TIMESTAMP" property="createTime" />
    <result column="MODIFIER" jdbcType="VARCHAR" property="modifier" />
    <result column="MODIFY_DATE" jdbcType="DATE" property="modifyDate" />
    <result column="UPDATE_TIME" jdbcType="TIMESTAMP" property="updateTime" />
  </resultMap>
  <sql id="Base_Column_List">
    ID, DOCUMENT_TYPE, CONTRACT_CODE, COMPANY_CODE, BUYORG_CODE, SUPP_CODE, CLASS_CODE, 
    CLASS_TYPE, BRAND_CODE, COMMODITY_CODE, TRAN_CONTRACT_CODE, IS_TRAN_ADJUST, PAY_TERM_CODE, 
    PAY_MODE_CODE, ISSUE, INVOICE_TYPE, EFFECT_START_DATE, EFFECT_END_DATE, REAL_END_DATE, 
    BUYGRP_CODE, AREA, REGION, REMARK, EMP_FORM_CODE, CONTRACT_SIGN, OA_ADJUST_CODE, 
    IS_VIRTUAL_CONTRACT, IS_PROTO_CONTRACT, IS_ONE_STEP_VIRTUAL, EMP_REVOKE_SHOP_CODE, 
    IMAGE_VALID_DATE, SCOPE, VISIT_STORE, CHARACTER_ID, CONTRACT_YEAR, EXCHANGE_FREIGHT, 
    IMPERFECTION_FREIGHT, IMPERFECTION_RATE, HEEL_PRICE_FREIGHT, HEEL_PRICE_RATE, COLLECT_DELAY_DELIVERY_FREIGHT, 
    IS_REMOVED, CREATOR, CREATE_TIME, MODIFIER, MODIFY_DATE, UPDATE_TIME
  </sql>
  <select id="selectByPrimaryKey" parameterType="java.lang.Integer" resultMap="BaseResultMap">
    select 
    <include refid="Base_Column_List" />
    from md_contract_info
    where ID = #{id,jdbcType=INTEGER}
  </select>
  <delete id="deleteByPrimaryKey" parameterType="java.lang.Integer">
    delete from md_contract_info
    where ID = #{id,jdbcType=INTEGER}
  </delete>
  <insert id="insert" parameterType="com.gome.scs.scsservice.emp.entity.MdContractInfo">
    insert into md_contract_info (ID, DOCUMENT_TYPE, CONTRACT_CODE, 
      COMPANY_CODE, BUYORG_CODE, SUPP_CODE, 
      CLASS_CODE, CLASS_TYPE, BRAND_CODE, 
      COMMODITY_CODE, TRAN_CONTRACT_CODE, IS_TRAN_ADJUST, 
      PAY_TERM_CODE, PAY_MODE_CODE, ISSUE, 
      INVOICE_TYPE, EFFECT_START_DATE, EFFECT_END_DATE, 
      REAL_END_DATE, BUYGRP_CODE, AREA, 
      REGION, REMARK, EMP_FORM_CODE, 
      CONTRACT_SIGN, OA_ADJUST_CODE, IS_VIRTUAL_CONTRACT, 
      IS_PROTO_CONTRACT, IS_ONE_STEP_VIRTUAL, EMP_REVOKE_SHOP_CODE, 
      IMAGE_VALID_DATE, SCOPE, VISIT_STORE, 
      CHARACTER_ID, CONTRACT_YEAR, EXCHANGE_FREIGHT, 
      IMPERFECTION_FREIGHT, IMPERFECTION_RATE, HEEL_PRICE_FREIGHT, 
      HEEL_PRICE_RATE, COLLECT_DELAY_DELIVERY_FREIGHT, 
      IS_REMOVED, CREATOR, CREATE_TIME, 
      MODIFIER, MODIFY_DATE, UPDATE_TIME
      )
    values (#{id,jdbcType=INTEGER}, #{documentType,jdbcType=VARCHAR}, #{contractCode,jdbcType=VARCHAR}, 
      #{companyCode,jdbcType=CHAR}, #{buyorgCode,jdbcType=CHAR}, #{suppCode,jdbcType=VARCHAR}, 
      #{classCode,jdbcType=VARCHAR}, #{classType,jdbcType=TINYINT}, #{brandCode,jdbcType=VARCHAR}, 
      #{commodityCode,jdbcType=VARCHAR}, #{tranContractCode,jdbcType=VARCHAR}, #{isTranAdjust,jdbcType=VARCHAR}, 
      #{payTermCode,jdbcType=CHAR}, #{payModeCode,jdbcType=CHAR}, #{issue,jdbcType=VARCHAR}, 
      #{invoiceType,jdbcType=VARCHAR}, #{effectStartDate,jdbcType=DATE}, #{effectEndDate,jdbcType=DATE}, 
      #{realEndDate,jdbcType=DATE}, #{buygrpCode,jdbcType=INTEGER}, #{area,jdbcType=VARCHAR}, 
      #{region,jdbcType=CHAR}, #{remark,jdbcType=VARCHAR}, #{empFormCode,jdbcType=VARCHAR}, 
      #{contractSign,jdbcType=INTEGER}, #{oaAdjustCode,jdbcType=VARCHAR}, #{isVirtualContract,jdbcType=CHAR}, 
      #{isProtoContract,jdbcType=CHAR}, #{isOneStepVirtual,jdbcType=CHAR}, #{empRevokeShopCode,jdbcType=VARCHAR}, 
      #{imageValidDate,jdbcType=DATE}, #{scope,jdbcType=TINYINT}, #{visitStore,jdbcType=VARCHAR}, 
      #{characterId,jdbcType=CHAR}, #{contractYear,jdbcType=SMALLINT}, #{exchangeFreight,jdbcType=CHAR}, 
      #{imperfectionFreight,jdbcType=CHAR}, #{imperfectionRate,jdbcType=REAL}, #{heelPriceFreight,jdbcType=CHAR}, 
      #{heelPriceRate,jdbcType=REAL}, #{collectDelayDeliveryFreight,jdbcType=VARCHAR}, 
      #{isRemoved,jdbcType=CHAR}, #{creator,jdbcType=VARCHAR}, #{createTime,jdbcType=TIMESTAMP}, 
      #{modifier,jdbcType=VARCHAR}, #{modifyDate,jdbcType=DATE}, #{updateTime,jdbcType=TIMESTAMP}
      )
  </insert>
  <insert id="insertSelective" parameterType="com.gome.scs.scsservice.emp.entity.MdContractInfo">
    insert into md_contract_info
    <trim prefix="(" suffix=")" suffixOverrides=",">
      <if test="id != null">
        ID,
      </if>
      <if test="documentType != null">
        DOCUMENT_TYPE,
      </if>
      <if test="contractCode != null">
        CONTRACT_CODE,
      </if>
      <if test="companyCode != null">
        COMPANY_CODE,
      </if>
      <if test="buyorgCode != null">
        BUYORG_CODE,
      </if>
      <if test="suppCode != null">
        SUPP_CODE,
      </if>
      <if test="classCode != null">
        CLASS_CODE,
      </if>
      <if test="classType != null">
        CLASS_TYPE,
      </if>
      <if test="brandCode != null">
        BRAND_CODE,
      </if>
      <if test="commodityCode != null">
        COMMODITY_CODE,
      </if>
      <if test="tranContractCode != null">
        TRAN_CONTRACT_CODE,
      </if>
      <if test="isTranAdjust != null">
        IS_TRAN_ADJUST,
      </if>
      <if test="payTermCode != null">
        PAY_TERM_CODE,
      </if>
      <if test="payModeCode != null">
        PAY_MODE_CODE,
      </if>
      <if test="issue != null">
        ISSUE,
      </if>
      <if test="invoiceType != null">
        INVOICE_TYPE,
      </if>
      <if test="effectStartDate != null">
        EFFECT_START_DATE,
      </if>
      <if test="effectEndDate != null">
        EFFECT_END_DATE,
      </if>
      <if test="realEndDate != null">
        REAL_END_DATE,
      </if>
      <if test="buygrpCode != null">
        BUYGRP_CODE,
      </if>
      <if test="area != null">
        AREA,
      </if>
      <if test="region != null">
        REGION,
      </if>
      <if test="remark != null">
        REMARK,
      </if>
      <if test="empFormCode != null">
        EMP_FORM_CODE,
      </if>
      <if test="contractSign != null">
        CONTRACT_SIGN,
      </if>
      <if test="oaAdjustCode != null">
        OA_ADJUST_CODE,
      </if>
      <if test="isVirtualContract != null">
        IS_VIRTUAL_CONTRACT,
      </if>
      <if test="isProtoContract != null">
        IS_PROTO_CONTRACT,
      </if>
      <if test="isOneStepVirtual != null">
        IS_ONE_STEP_VIRTUAL,
      </if>
      <if test="empRevokeShopCode != null">
        EMP_REVOKE_SHOP_CODE,
      </if>
      <if test="imageValidDate != null">
        IMAGE_VALID_DATE,
      </if>
      <if test="scope != null">
        SCOPE,
      </if>
      <if test="visitStore != null">
        VISIT_STORE,
      </if>
      <if test="characterId != null">
        CHARACTER_ID,
      </if>
      <if test="contractYear != null">
        CONTRACT_YEAR,
      </if>
      <if test="exchangeFreight != null">
        EXCHANGE_FREIGHT,
      </if>
      <if test="imperfectionFreight != null">
        IMPERFECTION_FREIGHT,
      </if>
      <if test="imperfectionRate != null">
        IMPERFECTION_RATE,
      </if>
      <if test="heelPriceFreight != null">
        HEEL_PRICE_FREIGHT,
      </if>
      <if test="heelPriceRate != null">
        HEEL_PRICE_RATE,
      </if>
      <if test="collectDelayDeliveryFreight != null">
        COLLECT_DELAY_DELIVERY_FREIGHT,
      </if>
      <if test="isRemoved != null">
        IS_REMOVED,
      </if>
      <if test="creator != null">
        CREATOR,
      </if>
      <if test="createTime != null">
        CREATE_TIME,
      </if>
      <if test="modifier != null">
        MODIFIER,
      </if>
      <if test="modifyDate != null">
        MODIFY_DATE,
      </if>
      <if test="updateTime != null">
        UPDATE_TIME,
      </if>
    </trim>
    <trim prefix="values (" suffix=")" suffixOverrides=",">
      <if test="id != null">
        #{id,jdbcType=INTEGER},
      </if>
      <if test="documentType != null">
        #{documentType,jdbcType=VARCHAR},
      </if>
      <if test="contractCode != null">
        #{contractCode,jdbcType=VARCHAR},
      </if>
      <if test="companyCode != null">
        #{companyCode,jdbcType=CHAR},
      </if>
      <if test="buyorgCode != null">
        #{buyorgCode,jdbcType=CHAR},
      </if>
      <if test="suppCode != null">
        #{suppCode,jdbcType=VARCHAR},
      </if>
      <if test="classCode != null">
        #{classCode,jdbcType=VARCHAR},
      </if>
      <if test="classType != null">
        #{classType,jdbcType=TINYINT},
      </if>
      <if test="brandCode != null">
        #{brandCode,jdbcType=VARCHAR},
      </if>
      <if test="commodityCode != null">
        #{commodityCode,jdbcType=VARCHAR},
      </if>
      <if test="tranContractCode != null">
        #{tranContractCode,jdbcType=VARCHAR},
      </if>
      <if test="isTranAdjust != null">
        #{isTranAdjust,jdbcType=VARCHAR},
      </if>
      <if test="payTermCode != null">
        #{payTermCode,jdbcType=CHAR},
      </if>
      <if test="payModeCode != null">
        #{payModeCode,jdbcType=CHAR},
      </if>
      <if test="issue != null">
        #{issue,jdbcType=VARCHAR},
      </if>
      <if test="invoiceType != null">
        #{invoiceType,jdbcType=VARCHAR},
      </if>
      <if test="effectStartDate != null">
        #{effectStartDate,jdbcType=DATE},
      </if>
      <if test="effectEndDate != null">
        #{effectEndDate,jdbcType=DATE},
      </if>
      <if test="realEndDate != null">
        #{realEndDate,jdbcType=DATE},
      </if>
      <if test="buygrpCode != null">
        #{buygrpCode,jdbcType=INTEGER},
      </if>
      <if test="area != null">
        #{area,jdbcType=VARCHAR},
      </if>
      <if test="region != null">
        #{region,jdbcType=CHAR},
      </if>
      <if test="remark != null">
        #{remark,jdbcType=VARCHAR},
      </if>
      <if test="empFormCode != null">
        #{empFormCode,jdbcType=VARCHAR},
      </if>
      <if test="contractSign != null">
        #{contractSign,jdbcType=INTEGER},
      </if>
      <if test="oaAdjustCode != null">
        #{oaAdjustCode,jdbcType=VARCHAR},
      </if>
      <if test="isVirtualContract != null">
        #{isVirtualContract,jdbcType=CHAR},
      </if>
      <if test="isProtoContract != null">
        #{isProtoContract,jdbcType=CHAR},
      </if>
      <if test="isOneStepVirtual != null">
        #{isOneStepVirtual,jdbcType=CHAR},
      </if>
      <if test="empRevokeShopCode != null">
        #{empRevokeShopCode,jdbcType=VARCHAR},
      </if>
      <if test="imageValidDate != null">
        #{imageValidDate,jdbcType=DATE},
      </if>
      <if test="scope != null">
        #{scope,jdbcType=TINYINT},
      </if>
      <if test="visitStore != null">
        #{visitStore,jdbcType=VARCHAR},
      </if>
      <if test="characterId != null">
        #{characterId,jdbcType=CHAR},
      </if>
      <if test="contractYear != null">
        #{contractYear,jdbcType=SMALLINT},
      </if>
      <if test="exchangeFreight != null">
        #{exchangeFreight,jdbcType=CHAR},
      </if>
      <if test="imperfectionFreight != null">
        #{imperfectionFreight,jdbcType=CHAR},
      </if>
      <if test="imperfectionRate != null">
        #{imperfectionRate,jdbcType=REAL},
      </if>
      <if test="heelPriceFreight != null">
        #{heelPriceFreight,jdbcType=CHAR},
      </if>
      <if test="heelPriceRate != null">
        #{heelPriceRate,jdbcType=REAL},
      </if>
      <if test="collectDelayDeliveryFreight != null">
        #{collectDelayDeliveryFreight,jdbcType=VARCHAR},
      </if>
      <if test="isRemoved != null">
        #{isRemoved,jdbcType=CHAR},
      </if>
      <if test="creator != null">
        #{creator,jdbcType=VARCHAR},
      </if>
      <if test="createTime != null">
        #{createTime,jdbcType=TIMESTAMP},
      </if>
      <if test="modifier != null">
        #{modifier,jdbcType=VARCHAR},
      </if>
      <if test="modifyDate != null">
        #{modifyDate,jdbcType=DATE},
      </if>
      <if test="updateTime != null">
        #{updateTime,jdbcType=TIMESTAMP},
      </if>
    </trim>
  </insert>
  <update id="updateByPrimaryKeySelective" parameterType="com.gome.scs.scsservice.emp.entity.MdContractInfo">
    update md_contract_info
    <set>
      <if test="documentType != null">
        DOCUMENT_TYPE = #{documentType,jdbcType=VARCHAR},
      </if>
      <if test="contractCode != null">
        CONTRACT_CODE = #{contractCode,jdbcType=VARCHAR},
      </if>
      <if test="companyCode != null">
        COMPANY_CODE = #{companyCode,jdbcType=CHAR},
      </if>
      <if test="buyorgCode != null">
        BUYORG_CODE = #{buyorgCode,jdbcType=CHAR},
      </if>
      <if test="suppCode != null">
        SUPP_CODE = #{suppCode,jdbcType=VARCHAR},
      </if>
      <if test="classCode != null">
        CLASS_CODE = #{classCode,jdbcType=VARCHAR},
      </if>
      <if test="classType != null">
        CLASS_TYPE = #{classType,jdbcType=TINYINT},
      </if>
      <if test="brandCode != null">
        BRAND_CODE = #{brandCode,jdbcType=VARCHAR},
      </if>
      <if test="commodityCode != null">
        COMMODITY_CODE = #{commodityCode,jdbcType=VARCHAR},
      </if>
      <if test="tranContractCode != null">
        TRAN_CONTRACT_CODE = #{tranContractCode,jdbcType=VARCHAR},
      </if>
      <if test="isTranAdjust != null">
        IS_TRAN_ADJUST = #{isTranAdjust,jdbcType=VARCHAR},
      </if>
      <if test="payTermCode != null">
        PAY_TERM_CODE = #{payTermCode,jdbcType=CHAR},
      </if>
      <if test="payModeCode != null">
        PAY_MODE_CODE = #{payModeCode,jdbcType=CHAR},
      </if>
      <if test="issue != null">
        ISSUE = #{issue,jdbcType=VARCHAR},
      </if>
      <if test="invoiceType != null">
        INVOICE_TYPE = #{invoiceType,jdbcType=VARCHAR},
      </if>
      <if test="effectStartDate != null">
        EFFECT_START_DATE = #{effectStartDate,jdbcType=DATE},
      </if>
      <if test="effectEndDate != null">
        EFFECT_END_DATE = #{effectEndDate,jdbcType=DATE},
      </if>
      <if test="realEndDate != null">
        REAL_END_DATE = #{realEndDate,jdbcType=DATE},
      </if>
      <if test="buygrpCode != null">
        BUYGRP_CODE = #{buygrpCode,jdbcType=INTEGER},
      </if>
      <if test="area != null">
        AREA = #{area,jdbcType=VARCHAR},
      </if>
      <if test="region != null">
        REGION = #{region,jdbcType=CHAR},
      </if>
      <if test="remark != null">
        REMARK = #{remark,jdbcType=VARCHAR},
      </if>
      <if test="empFormCode != null">
        EMP_FORM_CODE = #{empFormCode,jdbcType=VARCHAR},
      </if>
      <if test="contractSign != null">
        CONTRACT_SIGN = #{contractSign,jdbcType=INTEGER},
      </if>
      <if test="oaAdjustCode != null">
        OA_ADJUST_CODE = #{oaAdjustCode,jdbcType=VARCHAR},
      </if>
      <if test="isVirtualContract != null">
        IS_VIRTUAL_CONTRACT = #{isVirtualContract,jdbcType=CHAR},
      </if>
      <if test="isProtoContract != null">
        IS_PROTO_CONTRACT = #{isProtoContract,jdbcType=CHAR},
      </if>
      <if test="isOneStepVirtual != null">
        IS_ONE_STEP_VIRTUAL = #{isOneStepVirtual,jdbcType=CHAR},
      </if>
      <if test="empRevokeShopCode != null">
        EMP_REVOKE_SHOP_CODE = #{empRevokeShopCode,jdbcType=VARCHAR},
      </if>
      <if test="imageValidDate != null">
        IMAGE_VALID_DATE = #{imageValidDate,jdbcType=DATE},
      </if>
      <if test="scope != null">
        SCOPE = #{scope,jdbcType=TINYINT},
      </if>
      <if test="visitStore != null">
        VISIT_STORE = #{visitStore,jdbcType=VARCHAR},
      </if>
      <if test="characterId != null">
        CHARACTER_ID = #{characterId,jdbcType=CHAR},
      </if>
      <if test="contractYear != null">
        CONTRACT_YEAR = #{contractYear,jdbcType=SMALLINT},
      </if>
      <if test="exchangeFreight != null">
        EXCHANGE_FREIGHT = #{exchangeFreight,jdbcType=CHAR},
      </if>
      <if test="imperfectionFreight != null">
        IMPERFECTION_FREIGHT = #{imperfectionFreight,jdbcType=CHAR},
      </if>
      <if test="imperfectionRate != null">
        IMPERFECTION_RATE = #{imperfectionRate,jdbcType=REAL},
      </if>
      <if test="heelPriceFreight != null">
        HEEL_PRICE_FREIGHT = #{heelPriceFreight,jdbcType=CHAR},
      </if>
      <if test="heelPriceRate != null">
        HEEL_PRICE_RATE = #{heelPriceRate,jdbcType=REAL},
      </if>
      <if test="collectDelayDeliveryFreight != null">
        COLLECT_DELAY_DELIVERY_FREIGHT = #{collectDelayDeliveryFreight,jdbcType=VARCHAR},
      </if>
      <if test="isRemoved != null">
        IS_REMOVED = #{isRemoved,jdbcType=CHAR},
      </if>
      <if test="creator != null">
        CREATOR = #{creator,jdbcType=VARCHAR},
      </if>
      <if test="createTime != null">
        CREATE_TIME = #{createTime,jdbcType=TIMESTAMP},
      </if>
      <if test="modifier != null">
        MODIFIER = #{modifier,jdbcType=VARCHAR},
      </if>
      <if test="modifyDate != null">
        MODIFY_DATE = #{modifyDate,jdbcType=DATE},
      </if>
      <if test="updateTime != null">
        UPDATE_TIME = #{updateTime,jdbcType=TIMESTAMP},
      </if>
    </set>
    where ID = #{id,jdbcType=INTEGER}
  </update>
  <update id="updateByPrimaryKey" parameterType="com.gome.scs.scsservice.emp.entity.MdContractInfo">
    update md_contract_info
    set DOCUMENT_TYPE = #{documentType,jdbcType=VARCHAR},
      CONTRACT_CODE = #{contractCode,jdbcType=VARCHAR},
      COMPANY_CODE = #{companyCode,jdbcType=CHAR},
      BUYORG_CODE = #{buyorgCode,jdbcType=CHAR},
      SUPP_CODE = #{suppCode,jdbcType=VARCHAR},
      CLASS_CODE = #{classCode,jdbcType=VARCHAR},
      CLASS_TYPE = #{classType,jdbcType=TINYINT},
      BRAND_CODE = #{brandCode,jdbcType=VARCHAR},
      COMMODITY_CODE = #{commodityCode,jdbcType=VARCHAR},
      TRAN_CONTRACT_CODE = #{tranContractCode,jdbcType=VARCHAR},
      IS_TRAN_ADJUST = #{isTranAdjust,jdbcType=VARCHAR},
      PAY_TERM_CODE = #{payTermCode,jdbcType=CHAR},
      PAY_MODE_CODE = #{payModeCode,jdbcType=CHAR},
      ISSUE = #{issue,jdbcType=VARCHAR},
      INVOICE_TYPE = #{invoiceType,jdbcType=VARCHAR},
      EFFECT_START_DATE = #{effectStartDate,jdbcType=DATE},
      EFFECT_END_DATE = #{effectEndDate,jdbcType=DATE},
      REAL_END_DATE = #{realEndDate,jdbcType=DATE},
      BUYGRP_CODE = #{buygrpCode,jdbcType=INTEGER},
      AREA = #{area,jdbcType=VARCHAR},
      REGION = #{region,jdbcType=CHAR},
      REMARK = #{remark,jdbcType=VARCHAR},
      EMP_FORM_CODE = #{empFormCode,jdbcType=VARCHAR},
      CONTRACT_SIGN = #{contractSign,jdbcType=INTEGER},
      OA_ADJUST_CODE = #{oaAdjustCode,jdbcType=VARCHAR},
      IS_VIRTUAL_CONTRACT = #{isVirtualContract,jdbcType=CHAR},
      IS_PROTO_CONTRACT = #{isProtoContract,jdbcType=CHAR},
      IS_ONE_STEP_VIRTUAL = #{isOneStepVirtual,jdbcType=CHAR},
      EMP_REVOKE_SHOP_CODE = #{empRevokeShopCode,jdbcType=VARCHAR},
      IMAGE_VALID_DATE = #{imageValidDate,jdbcType=DATE},
      SCOPE = #{scope,jdbcType=TINYINT},
      VISIT_STORE = #{visitStore,jdbcType=VARCHAR},
      CHARACTER_ID = #{characterId,jdbcType=CHAR},
      CONTRACT_YEAR = #{contractYear,jdbcType=SMALLINT},
      EXCHANGE_FREIGHT = #{exchangeFreight,jdbcType=CHAR},
      IMPERFECTION_FREIGHT = #{imperfectionFreight,jdbcType=CHAR},
      IMPERFECTION_RATE = #{imperfectionRate,jdbcType=REAL},
      HEEL_PRICE_FREIGHT = #{heelPriceFreight,jdbcType=CHAR},
      HEEL_PRICE_RATE = #{heelPriceRate,jdbcType=REAL},
      COLLECT_DELAY_DELIVERY_FREIGHT = #{collectDelayDeliveryFreight,jdbcType=VARCHAR},
      IS_REMOVED = #{isRemoved,jdbcType=CHAR},
      CREATOR = #{creator,jdbcType=VARCHAR},
      CREATE_TIME = #{createTime,jdbcType=TIMESTAMP},
      MODIFIER = #{modifier,jdbcType=VARCHAR},
      MODIFY_DATE = #{modifyDate,jdbcType=DATE},
      UPDATE_TIME = #{updateTime,jdbcType=TIMESTAMP}
    where ID = #{id,jdbcType=INTEGER}
  </update>
</mapper>