<?xml version="1.0" encoding="UTF-8"?>
<!DOCTYPE mapper PUBLIC "-//mybatis.org//DTD Mapper 3.0//EN" "http://mybatis.org/dtd/mybatis-3-mapper.dtd">
<mapper namespace="com.gome.scs.scsservice.emp.mapper.MdCompanyBranchMapper">
  <resultMap id="BaseResultMap" type="com.gome.scs.scsservice.emp.entity.MdCompanyBranch">
    <id column="ID" jdbcType="INTEGER" property="id" />
    <result column="COMPANY_CODE" jdbcType="CHAR" property="companyCode" />
    <result column="COMPANY_NAME" jdbcType="VARCHAR" property="companyName" />
    <result column="BRANCH_CODE" jdbcType="CHAR" property="branchCode" />
    <result column="BRANCH_NAME" jdbcType="VARCHAR" property="branchName" />
    <result column="BRANCH_LEVEL" jdbcType="VARCHAR" property="branchLevel" />
    <result column="BELONG_BRAND" jdbcType="VARCHAR" property="belongBrand" />
    <result column="IS_REMOVED" jdbcType="CHAR" property="isRemoved" />
    <result column="UPDATE_TIME" jdbcType="TIMESTAMP" property="updateTime" />
  </resultMap>
  <sql id="Base_Column_List">
    ID, COMPANY_CODE, COMPANY_NAME, BRANCH_CODE, BRANCH_NAME, BRANCH_LEVEL, BELONG_BRAND, 
    IS_REMOVED, UPDATE_TIME
  </sql>
  <select id="selectByPrimaryKey" parameterType="java.lang.Integer" resultMap="BaseResultMap">
    select 
    <include refid="Base_Column_List" />
    from md_company_branch
    where ID = #{id,jdbcType=INTEGER}
  </select>
  <delete id="deleteByPrimaryKey" parameterType="java.lang.Integer">
    delete from md_company_branch
    where ID = #{id,jdbcType=INTEGER}
  </delete>
  <insert id="insert" parameterType="com.gome.scs.scsservice.emp.entity.MdCompanyBranch">
    insert into md_company_branch (ID, COMPANY_CODE, COMPANY_NAME, 
      BRANCH_CODE, BRANCH_NAME, BRANCH_LEVEL, 
      BELONG_BRAND, IS_REMOVED, UPDATE_TIME
      )
    values (#{id,jdbcType=INTEGER}, #{companyCode,jdbcType=CHAR}, #{companyName,jdbcType=VARCHAR}, 
      #{branchCode,jdbcType=CHAR}, #{branchName,jdbcType=VARCHAR}, #{branchLevel,jdbcType=VARCHAR}, 
      #{belongBrand,jdbcType=VARCHAR}, #{isRemoved,jdbcType=CHAR}, #{updateTime,jdbcType=TIMESTAMP}
      )
  </insert>
  <insert id="insertSelective" parameterType="com.gome.scs.scsservice.emp.entity.MdCompanyBranch">
    insert into md_company_branch
    <trim prefix="(" suffix=")" suffixOverrides=",">
      <if test="id != null">
        ID,
      </if>
      <if test="companyCode != null">
        COMPANY_CODE,
      </if>
      <if test="companyName != null">
        COMPANY_NAME,
      </if>
      <if test="branchCode != null">
        BRANCH_CODE,
      </if>
      <if test="branchName != null">
        BRANCH_NAME,
      </if>
      <if test="branchLevel != null">
        BRANCH_LEVEL,
      </if>
      <if test="belongBrand != null">
        BELONG_BRAND,
      </if>
      <if test="isRemoved != null">
        IS_REMOVED,
      </if>
      <if test="updateTime != null">
        UPDATE_TIME,
      </if>
    </trim>
    <trim prefix="values (" suffix=")" suffixOverrides=",">
      <if test="id != null">
        #{id,jdbcType=INTEGER},
      </if>
      <if test="companyCode != null">
        #{companyCode,jdbcType=CHAR},
      </if>
      <if test="companyName != null">
        #{companyName,jdbcType=VARCHAR},
      </if>
      <if test="branchCode != null">
        #{branchCode,jdbcType=CHAR},
      </if>
      <if test="branchName != null">
        #{branchName,jdbcType=VARCHAR},
      </if>
      <if test="branchLevel != null">
        #{branchLevel,jdbcType=VARCHAR},
      </if>
      <if test="belongBrand != null">
        #{belongBrand,jdbcType=VARCHAR},
      </if>
      <if test="isRemoved != null">
        #{isRemoved,jdbcType=CHAR},
      </if>
      <if test="updateTime != null">
        #{updateTime,jdbcType=TIMESTAMP},
      </if>
    </trim>
  </insert>
  <update id="updateByPrimaryKeySelective" parameterType="com.gome.scs.scsservice.emp.entity.MdCompanyBranch">
    update md_company_branch
    <set>
      <if test="companyCode != null">
        COMPANY_CODE = #{companyCode,jdbcType=CHAR},
      </if>
      <if test="companyName != null">
        COMPANY_NAME = #{companyName,jdbcType=VARCHAR},
      </if>
      <if test="branchCode != null">
        BRANCH_CODE = #{branchCode,jdbcType=CHAR},
      </if>
      <if test="branchName != null">
        BRANCH_NAME = #{branchName,jdbcType=VARCHAR},
      </if>
      <if test="branchLevel != null">
        BRANCH_LEVEL = #{branchLevel,jdbcType=VARCHAR},
      </if>
      <if test="belongBrand != null">
        BELONG_BRAND = #{belongBrand,jdbcType=VARCHAR},
      </if>
      <if test="isRemoved != null">
        IS_REMOVED = #{isRemoved,jdbcType=CHAR},
      </if>
      <if test="updateTime != null">
        UPDATE_TIME = #{updateTime,jdbcType=TIMESTAMP},
      </if>
    </set>
    where ID = #{id,jdbcType=INTEGER}
  </update>
  <update id="updateByPrimaryKey" parameterType="com.gome.scs.scsservice.emp.entity.MdCompanyBranch">
    update md_company_branch
    set COMPANY_CODE = #{companyCode,jdbcType=CHAR},
      COMPANY_NAME = #{companyName,jdbcType=VARCHAR},
      BRANCH_CODE = #{branchCode,jdbcType=CHAR},
      BRANCH_NAME = #{branchName,jdbcType=VARCHAR},
      BRANCH_LEVEL = #{branchLevel,jdbcType=VARCHAR},
      BELONG_BRAND = #{belongBrand,jdbcType=VARCHAR},
      IS_REMOVED = #{isRemoved,jdbcType=CHAR},
      UPDATE_TIME = #{updateTime,jdbcType=TIMESTAMP}
    where ID = #{id,jdbcType=INTEGER}
  </update>
</mapper>