<?xml version="1.0" encoding="UTF-8"?>
<!DOCTYPE mapper PUBLIC "-//mybatis.org//DTD Mapper 3.0//EN" "http://mybatis.org/dtd/mybatis-3-mapper.dtd">
<mapper namespace="com.gome.scs.scsservice.emp.mapper.MdCompanyMapper">
  <resultMap id="BaseResultMap" type="com.gome.scs.scsservice.emp.entity.MdCompany">
    <id column="ID" jdbcType="INTEGER" property="id" />
    <result column="COMPANY_CODE" jdbcType="VARCHAR" property="companyCode" />
    <result column="COMPANY_NAME" jdbcType="VARCHAR" property="companyName" />
    <result column="COMPANY_REGISTE_ADDRESS" jdbcType="VARCHAR" property="companyRegisteAddress" />
    <result column="UPDATE_TIME" jdbcType="TIMESTAMP" property="updateTime" />
    <result column="IS_REMOVED" jdbcType="VARCHAR" property="isRemoved" />
  </resultMap>
  <sql id="Base_Column_List">
    ID, COMPANY_CODE, COMPANY_NAME, COMPANY_REGISTE_ADDRESS, UPDATE_TIME, IS_REMOVED
  </sql>
  <select id="selectByPrimaryKey" parameterType="java.lang.Integer" resultMap="BaseResultMap">
    select 
    <include refid="Base_Column_List" />
    from md_company
    where ID = #{id,jdbcType=INTEGER}
  </select>
  <delete id="deleteByPrimaryKey" parameterType="java.lang.Integer">
    delete from md_company
    where ID = #{id,jdbcType=INTEGER}
  </delete>
  <insert id="insert" parameterType="com.gome.scs.scsservice.emp.entity.MdCompany">
    insert into md_company (ID, COMPANY_CODE, COMPANY_NAME, 
      COMPANY_REGISTE_ADDRESS, UPDATE_TIME, IS_REMOVED
      )
    values (#{id,jdbcType=INTEGER}, #{companyCode,jdbcType=VARCHAR}, #{companyName,jdbcType=VARCHAR}, 
      #{companyRegisteAddress,jdbcType=VARCHAR}, #{updateTime,jdbcType=TIMESTAMP}, #{isRemoved,jdbcType=VARCHAR}
      )
  </insert>
  <insert id="insertSelective" parameterType="com.gome.scs.scsservice.emp.entity.MdCompany">
    insert into md_company
    <trim prefix="(" suffix=")" suffixOverrides=",">
      <if test="id != null">
        ID,
      </if>
      <if test="companyCode != null">
        COMPANY_CODE,
      </if>
      <if test="companyName != null">
        COMPANY_NAME,
      </if>
      <if test="companyRegisteAddress != null">
        COMPANY_REGISTE_ADDRESS,
      </if>
      <if test="updateTime != null">
        UPDATE_TIME,
      </if>
      <if test="isRemoved != null">
        IS_REMOVED,
      </if>
    </trim>
    <trim prefix="values (" suffix=")" suffixOverrides=",">
      <if test="id != null">
        #{id,jdbcType=INTEGER},
      </if>
      <if test="companyCode != null">
        #{companyCode,jdbcType=VARCHAR},
      </if>
      <if test="companyName != null">
        #{companyName,jdbcType=VARCHAR},
      </if>
      <if test="companyRegisteAddress != null">
        #{companyRegisteAddress,jdbcType=VARCHAR},
      </if>
      <if test="updateTime != null">
        #{updateTime,jdbcType=TIMESTAMP},
      </if>
      <if test="isRemoved != null">
        #{isRemoved,jdbcType=VARCHAR},
      </if>
    </trim>
  </insert>
  <update id="updateByPrimaryKeySelective" parameterType="com.gome.scs.scsservice.emp.entity.MdCompany">
    update md_company
    <set>
      <if test="companyCode != null">
        COMPANY_CODE = #{companyCode,jdbcType=VARCHAR},
      </if>
      <if test="companyName != null">
        COMPANY_NAME = #{companyName,jdbcType=VARCHAR},
      </if>
      <if test="companyRegisteAddress != null">
        COMPANY_REGISTE_ADDRESS = #{companyRegisteAddress,jdbcType=VARCHAR},
      </if>
      <if test="updateTime != null">
        UPDATE_TIME = #{updateTime,jdbcType=TIMESTAMP},
      </if>
      <if test="isRemoved != null">
        IS_REMOVED = #{isRemoved,jdbcType=VARCHAR},
      </if>
    </set>
    where ID = #{id,jdbcType=INTEGER}
  </update>
  <update id="updateByPrimaryKey" parameterType="com.gome.scs.scsservice.emp.entity.MdCompany">
    update md_company
    set COMPANY_CODE = #{companyCode,jdbcType=VARCHAR},
      COMPANY_NAME = #{companyName,jdbcType=VARCHAR},
      COMPANY_REGISTE_ADDRESS = #{companyRegisteAddress,jdbcType=VARCHAR},
      UPDATE_TIME = #{updateTime,jdbcType=TIMESTAMP},
      IS_REMOVED = #{isRemoved,jdbcType=VARCHAR}
    where ID = #{id,jdbcType=INTEGER}
  </update>
</mapper>