<?xml version="1.0" encoding="UTF-8"?>
<!DOCTYPE mapper PUBLIC "-//mybatis.org//DTD Mapper 3.0//EN" "http://mybatis.org/dtd/mybatis-3-mapper.dtd">
<mapper namespace="com.gome.scs.scsservice.emp.mapper.MdContractComputedPolicyMapper">
  <resultMap id="BaseResultMap" type="com.gome.scs.scsservice.emp.entity.MdContractComputedPolicy">
    <id column="ID" jdbcType="INTEGER" property="id" />
    <result column="CONTRACT_CODE" jdbcType="VARCHAR" property="contractCode" />
    <result column="CLASSIFY" jdbcType="VARCHAR" property="classify" />
    <result column="POLICY_NUMBER" jdbcType="VARCHAR" property="policyNumber" />
    <result column="SPECIFIC_DATA" jdbcType="VARCHAR" property="specificData" />
    <result column="IS_REMOVED" jdbcType="CHAR" property="isRemoved" />
    <result column="CREATE_TIME" jdbcType="TIMESTAMP" property="createTime" />
    <result column="UPDATE_TIME" jdbcType="TIMESTAMP" property="updateTime" />
  </resultMap>
  <sql id="Base_Column_List">
    ID, CONTRACT_CODE, CLASSIFY, POLICY_NUMBER, SPECIFIC_DATA, IS_REMOVED, CREATE_TIME, 
    UPDATE_TIME
  </sql>
  <select id="selectByPrimaryKey" parameterType="java.lang.Integer" resultMap="BaseResultMap">
    select 
    <include refid="Base_Column_List" />
    from md_contract_computed_policy
    where ID = #{id,jdbcType=INTEGER}
  </select>
  <delete id="deleteByPrimaryKey" parameterType="java.lang.Integer">
    delete from md_contract_computed_policy
    where ID = #{id,jdbcType=INTEGER}
  </delete>
  <insert id="insert" parameterType="com.gome.scs.scsservice.emp.entity.MdContractComputedPolicy">
    insert into md_contract_computed_policy (ID, CONTRACT_CODE, CLASSIFY, 
      POLICY_NUMBER, SPECIFIC_DATA, IS_REMOVED, 
      CREATE_TIME, UPDATE_TIME)
    values (#{id,jdbcType=INTEGER}, #{contractCode,jdbcType=VARCHAR}, #{classify,jdbcType=VARCHAR}, 
      #{policyNumber,jdbcType=VARCHAR}, #{specificData,jdbcType=VARCHAR}, #{isRemoved,jdbcType=CHAR}, 
      #{createTime,jdbcType=TIMESTAMP}, #{updateTime,jdbcType=TIMESTAMP})
  </insert>
  <insert id="insertSelective" parameterType="com.gome.scs.scsservice.emp.entity.MdContractComputedPolicy">
    insert into md_contract_computed_policy
    <trim prefix="(" suffix=")" suffixOverrides=",">
      <if test="id != null">
        ID,
      </if>
      <if test="contractCode != null">
        CONTRACT_CODE,
      </if>
      <if test="classify != null">
        CLASSIFY,
      </if>
      <if test="policyNumber != null">
        POLICY_NUMBER,
      </if>
      <if test="specificData != null">
        SPECIFIC_DATA,
      </if>
      <if test="isRemoved != null">
        IS_REMOVED,
      </if>
      <if test="createTime != null">
        CREATE_TIME,
      </if>
      <if test="updateTime != null">
        UPDATE_TIME,
      </if>
    </trim>
    <trim prefix="values (" suffix=")" suffixOverrides=",">
      <if test="id != null">
        #{id,jdbcType=INTEGER},
      </if>
      <if test="contractCode != null">
        #{contractCode,jdbcType=VARCHAR},
      </if>
      <if test="classify != null">
        #{classify,jdbcType=VARCHAR},
      </if>
      <if test="policyNumber != null">
        #{policyNumber,jdbcType=VARCHAR},
      </if>
      <if test="specificData != null">
        #{specificData,jdbcType=VARCHAR},
      </if>
      <if test="isRemoved != null">
        #{isRemoved,jdbcType=CHAR},
      </if>
      <if test="createTime != null">
        #{createTime,jdbcType=TIMESTAMP},
      </if>
      <if test="updateTime != null">
        #{updateTime,jdbcType=TIMESTAMP},
      </if>
    </trim>
  </insert>
  <update id="updateByPrimaryKeySelective" parameterType="com.gome.scs.scsservice.emp.entity.MdContractComputedPolicy">
    update md_contract_computed_policy
    <set>
      <if test="contractCode != null">
        CONTRACT_CODE = #{contractCode,jdbcType=VARCHAR},
      </if>
      <if test="classify != null">
        CLASSIFY = #{classify,jdbcType=VARCHAR},
      </if>
      <if test="policyNumber != null">
        POLICY_NUMBER = #{policyNumber,jdbcType=VARCHAR},
      </if>
      <if test="specificData != null">
        SPECIFIC_DATA = #{specificData,jdbcType=VARCHAR},
      </if>
      <if test="isRemoved != null">
        IS_REMOVED = #{isRemoved,jdbcType=CHAR},
      </if>
      <if test="createTime != null">
        CREATE_TIME = #{createTime,jdbcType=TIMESTAMP},
      </if>
      <if test="updateTime != null">
        UPDATE_TIME = #{updateTime,jdbcType=TIMESTAMP},
      </if>
    </set>
    where ID = #{id,jdbcType=INTEGER}
  </update>
  <update id="updateByPrimaryKey" parameterType="com.gome.scs.scsservice.emp.entity.MdContractComputedPolicy">
    update md_contract_computed_policy
    set CONTRACT_CODE = #{contractCode,jdbcType=VARCHAR},
      CLASSIFY = #{classify,jdbcType=VARCHAR},
      POLICY_NUMBER = #{policyNumber,jdbcType=VARCHAR},
      SPECIFIC_DATA = #{specificData,jdbcType=VARCHAR},
      IS_REMOVED = #{isRemoved,jdbcType=CHAR},
      CREATE_TIME = #{createTime,jdbcType=TIMESTAMP},
      UPDATE_TIME = #{updateTime,jdbcType=TIMESTAMP}
    where ID = #{id,jdbcType=INTEGER}
  </update>
  <resultMap id="BaseResultMap" type="com.gome.scs.scsservice.emp.entity.MdContractComputedPolicy">
    <id column="ID" jdbcType="INTEGER" property="id" />
    <result column="CONTRACT_CODE" jdbcType="VARCHAR" property="contractCode" />
    <result column="CLASSIFY" jdbcType="VARCHAR" property="classify" />
    <result column="POLICY_NUMBER" jdbcType="VARCHAR" property="policyNumber" />
    <result column="SPECIFIC_DATA" jdbcType="VARCHAR" property="specificData" />
    <result column="IS_REMOVED" jdbcType="CHAR" property="isRemoved" />
    <result column="CREATE_TIME" jdbcType="TIMESTAMP" property="createTime" />
    <result column="UPDATE_TIME" jdbcType="TIMESTAMP" property="updateTime" />
  </resultMap>
  <sql id="Base_Column_List">
    ID, CONTRACT_CODE, CLASSIFY, POLICY_NUMBER, SPECIFIC_DATA, IS_REMOVED, CREATE_TIME, 
    UPDATE_TIME
  </sql>
  <select id="selectByPrimaryKey" parameterType="java.lang.Integer" resultMap="BaseResultMap">
    select 
    <include refid="Base_Column_List" />
    from md_contract_computed_policy
    where ID = #{id,jdbcType=INTEGER}
  </select>
  <delete id="deleteByPrimaryKey" parameterType="java.lang.Integer">
    delete from md_contract_computed_policy
    where ID = #{id,jdbcType=INTEGER}
  </delete>
  <insert id="insert" parameterType="com.gome.scs.scsservice.emp.entity.MdContractComputedPolicy">
    insert into md_contract_computed_policy (ID, CONTRACT_CODE, CLASSIFY, 
      POLICY_NUMBER, SPECIFIC_DATA, IS_REMOVED, 
      CREATE_TIME, UPDATE_TIME)
    values (#{id,jdbcType=INTEGER}, #{contractCode,jdbcType=VARCHAR}, #{classify,jdbcType=VARCHAR}, 
      #{policyNumber,jdbcType=VARCHAR}, #{specificData,jdbcType=VARCHAR}, #{isRemoved,jdbcType=CHAR}, 
      #{createTime,jdbcType=TIMESTAMP}, #{updateTime,jdbcType=TIMESTAMP})
  </insert>
  <insert id="insertSelective" parameterType="com.gome.scs.scsservice.emp.entity.MdContractComputedPolicy">
    insert into md_contract_computed_policy
    <trim prefix="(" suffix=")" suffixOverrides=",">
      <if test="id != null">
        ID,
      </if>
      <if test="contractCode != null">
        CONTRACT_CODE,
      </if>
      <if test="classify != null">
        CLASSIFY,
      </if>
      <if test="policyNumber != null">
        POLICY_NUMBER,
      </if>
      <if test="specificData != null">
        SPECIFIC_DATA,
      </if>
      <if test="isRemoved != null">
        IS_REMOVED,
      </if>
      <if test="createTime != null">
        CREATE_TIME,
      </if>
      <if test="updateTime != null">
        UPDATE_TIME,
      </if>
    </trim>
    <trim prefix="values (" suffix=")" suffixOverrides=",">
      <if test="id != null">
        #{id,jdbcType=INTEGER},
      </if>
      <if test="contractCode != null">
        #{contractCode,jdbcType=VARCHAR},
      </if>
      <if test="classify != null">
        #{classify,jdbcType=VARCHAR},
      </if>
      <if test="policyNumber != null">
        #{policyNumber,jdbcType=VARCHAR},
      </if>
      <if test="specificData != null">
        #{specificData,jdbcType=VARCHAR},
      </if>
      <if test="isRemoved != null">
        #{isRemoved,jdbcType=CHAR},
      </if>
      <if test="createTime != null">
        #{createTime,jdbcType=TIMESTAMP},
      </if>
      <if test="updateTime != null">
        #{updateTime,jdbcType=TIMESTAMP},
      </if>
    </trim>
  </insert>
  <update id="updateByPrimaryKeySelective" parameterType="com.gome.scs.scsservice.emp.entity.MdContractComputedPolicy">
    update md_contract_computed_policy
    <set>
      <if test="contractCode != null">
        CONTRACT_CODE = #{contractCode,jdbcType=VARCHAR},
      </if>
      <if test="classify != null">
        CLASSIFY = #{classify,jdbcType=VARCHAR},
      </if>
      <if test="policyNumber != null">
        POLICY_NUMBER = #{policyNumber,jdbcType=VARCHAR},
      </if>
      <if test="specificData != null">
        SPECIFIC_DATA = #{specificData,jdbcType=VARCHAR},
      </if>
      <if test="isRemoved != null">
        IS_REMOVED = #{isRemoved,jdbcType=CHAR},
      </if>
      <if test="createTime != null">
        CREATE_TIME = #{createTime,jdbcType=TIMESTAMP},
      </if>
      <if test="updateTime != null">
        UPDATE_TIME = #{updateTime,jdbcType=TIMESTAMP},
      </if>
    </set>
    where ID = #{id,jdbcType=INTEGER}
  </update>
  <update id="updateByPrimaryKey" parameterType="com.gome.scs.scsservice.emp.entity.MdContractComputedPolicy">
    update md_contract_computed_policy
    set CONTRACT_CODE = #{contractCode,jdbcType=VARCHAR},
      CLASSIFY = #{classify,jdbcType=VARCHAR},
      POLICY_NUMBER = #{policyNumber,jdbcType=VARCHAR},
      SPECIFIC_DATA = #{specificData,jdbcType=VARCHAR},
      IS_REMOVED = #{isRemoved,jdbcType=CHAR},
      CREATE_TIME = #{createTime,jdbcType=TIMESTAMP},
      UPDATE_TIME = #{updateTime,jdbcType=TIMESTAMP}
    where ID = #{id,jdbcType=INTEGER}
  </update>
</mapper>