<?xml version="1.0" encoding="UTF-8"?>
<!DOCTYPE mapper PUBLIC "-//mybatis.org//DTD Mapper 3.0//EN" "http://mybatis.org/dtd/mybatis-3-mapper.dtd">
<mapper namespace="com.gome.scs.scsservice.emp.mapper.MdContractMapper">
  <resultMap id="BaseResultMap" type="com.gome.scs.scsservice.emp.entity.MdContract">
    <id column="ID" jdbcType="INTEGER" property="id" />
    <result column="DOCUMENT_TYPE" jdbcType="VARCHAR" property="documentType" />
    <result column="CONTRACT_CODE" jdbcType="VARCHAR" property="contractCode" />
    <result column="COMPANY_CODE" jdbcType="VARCHAR" property="companyCode" />
    <result column="BUYORG_CODE" jdbcType="VARCHAR" property="buyorgCode" />
    <result column="SUPP_CODE" jdbcType="VARCHAR" property="suppCode" />
    <result column="CLASS_CODE" jdbcType="VARCHAR" property="classCode" />
    <result column="CLASS_TYPE" jdbcType="VARCHAR" property="classType" />
    <result column="BRAND_CODE" jdbcType="VARCHAR" property="brandCode" />
    <result column="PAY_TERM_CODE" jdbcType="VARCHAR" property="payTermCode" />
    <result column="PAY_METHOD_CODE" jdbcType="VARCHAR" property="payMethodCode" />
    <result column="ZHANGQI" jdbcType="VARCHAR" property="zhangqi" />
    <result column="CONTRACT_YEAR" jdbcType="VARCHAR" property="contractYear" />
    <result column="IMAGE_VALID_DATE" jdbcType="DATE" property="imageValidDate" />
    <result column="EFFECT_START_DATE" jdbcType="DATE" property="effectStartDate" />
    <result column="EFFECT_END_DATE" jdbcType="DATE" property="effectEndDate" />
    <result column="REAL_EFFECT_END_DATE" jdbcType="DATE" property="realEffectEndDate" />
    <result column="CREATE_TIME" jdbcType="DATE" property="createTime" />
    <result column="REMARK" jdbcType="VARCHAR" property="remark" />
    <result column="UPDATE_TIME" jdbcType="DATE" property="updateTime" />
    <result column="UPDATE_PERSON" jdbcType="VARCHAR" property="updatePerson" />
    <result column="IS_REMOVED" jdbcType="VARCHAR" property="isRemoved" />
    <result column="SEND_SCOPE" jdbcType="VARCHAR" property="sendScope" />
    <result column="BUYORGGROUP_CODE" jdbcType="VARCHAR" property="buyorggroupCode" />
    <result column="SINGLE_PAY_GE" jdbcType="VARCHAR" property="singlePayGe" />
    <result column="BANK_ACCEPT_TIME" jdbcType="VARCHAR" property="bankAcceptTime" />
    <result column="EXCHANGE_FREIGHT" jdbcType="VARCHAR" property="exchangeFreight" />
    <result column="IMPERFECTION_FREIGHT" jdbcType="VARCHAR" property="imperfectionFreight" />
    <result column="HEEL_PRICE_FREIGHT" jdbcType="VARCHAR" property="heelPriceFreight" />
    <result column="SIGN_TAX_DISCOUNT" jdbcType="VARCHAR" property="signTaxDiscount" />
    <result column="IMPERFECTION_FREIGHT_PERCENTAGE" jdbcType="VARCHAR" property="imperfectionFreightPercentage" />
  </resultMap>
  <sql id="Base_Column_List">
    ID, DOCUMENT_TYPE, CONTRACT_CODE, COMPANY_CODE, BUYORG_CODE, SUPP_CODE, CLASS_CODE, 
    CLASS_TYPE, BRAND_CODE, PAY_TERM_CODE, PAY_METHOD_CODE, ZHANGQI, CONTRACT_YEAR, IMAGE_VALID_DATE, 
    EFFECT_START_DATE, EFFECT_END_DATE, REAL_EFFECT_END_DATE, CREATE_TIME, REMARK, UPDATE_TIME, 
    UPDATE_PERSON, IS_REMOVED, SEND_SCOPE, BUYORGGROUP_CODE, SINGLE_PAY_GE, BANK_ACCEPT_TIME, 
    EXCHANGE_FREIGHT, IMPERFECTION_FREIGHT, HEEL_PRICE_FREIGHT, SIGN_TAX_DISCOUNT, IMPERFECTION_FREIGHT_PERCENTAGE
  </sql>
  <select id="selectByPrimaryKey" parameterType="java.lang.Integer" resultMap="BaseResultMap">
    select 
    <include refid="Base_Column_List" />
    from md_contract
    where ID = #{id,jdbcType=INTEGER}
  </select>
  <delete id="deleteByPrimaryKey" parameterType="java.lang.Integer">
    delete from md_contract
    where ID = #{id,jdbcType=INTEGER}
  </delete>
  <insert id="insert" parameterType="com.gome.scs.scsservice.emp.entity.MdContract">
    insert into md_contract (ID, DOCUMENT_TYPE, CONTRACT_CODE, 
      COMPANY_CODE, BUYORG_CODE, SUPP_CODE, 
      CLASS_CODE, CLASS_TYPE, BRAND_CODE, 
      PAY_TERM_CODE, PAY_METHOD_CODE, ZHANGQI, 
      CONTRACT_YEAR, IMAGE_VALID_DATE, EFFECT_START_DATE, 
      EFFECT_END_DATE, REAL_EFFECT_END_DATE, CREATE_TIME, 
      REMARK, UPDATE_TIME, UPDATE_PERSON, 
      IS_REMOVED, SEND_SCOPE, BUYORGGROUP_CODE, 
      SINGLE_PAY_GE, BANK_ACCEPT_TIME, EXCHANGE_FREIGHT, 
      IMPERFECTION_FREIGHT, HEEL_PRICE_FREIGHT, 
      SIGN_TAX_DISCOUNT, IMPERFECTION_FREIGHT_PERCENTAGE
      )
    values (#{id,jdbcType=INTEGER}, #{documentType,jdbcType=VARCHAR}, #{contractCode,jdbcType=VARCHAR}, 
      #{companyCode,jdbcType=VARCHAR}, #{buyorgCode,jdbcType=VARCHAR}, #{suppCode,jdbcType=VARCHAR}, 
      #{classCode,jdbcType=VARCHAR}, #{classType,jdbcType=VARCHAR}, #{brandCode,jdbcType=VARCHAR}, 
      #{payTermCode,jdbcType=VARCHAR}, #{payMethodCode,jdbcType=VARCHAR}, #{zhangqi,jdbcType=VARCHAR}, 
      #{contractYear,jdbcType=VARCHAR}, #{imageValidDate,jdbcType=DATE}, #{effectStartDate,jdbcType=DATE}, 
      #{effectEndDate,jdbcType=DATE}, #{realEffectEndDate,jdbcType=DATE}, #{createTime,jdbcType=DATE}, 
      #{remark,jdbcType=VARCHAR}, #{updateTime,jdbcType=DATE}, #{updatePerson,jdbcType=VARCHAR}, 
      #{isRemoved,jdbcType=VARCHAR}, #{sendScope,jdbcType=VARCHAR}, #{buyorggroupCode,jdbcType=VARCHAR}, 
      #{singlePayGe,jdbcType=VARCHAR}, #{bankAcceptTime,jdbcType=VARCHAR}, #{exchangeFreight,jdbcType=VARCHAR}, 
      #{imperfectionFreight,jdbcType=VARCHAR}, #{heelPriceFreight,jdbcType=VARCHAR}, 
      #{signTaxDiscount,jdbcType=VARCHAR}, #{imperfectionFreightPercentage,jdbcType=VARCHAR}
      )
  </insert>
  <insert id="insertSelective" parameterType="com.gome.scs.scsservice.emp.entity.MdContract">
    insert into md_contract
    <trim prefix="(" suffix=")" suffixOverrides=",">
      <if test="id != null">
        ID,
      </if>
      <if test="documentType != null">
        DOCUMENT_TYPE,
      </if>
      <if test="contractCode != null">
        CONTRACT_CODE,
      </if>
      <if test="companyCode != null">
        COMPANY_CODE,
      </if>
      <if test="buyorgCode != null">
        BUYORG_CODE,
      </if>
      <if test="suppCode != null">
        SUPP_CODE,
      </if>
      <if test="classCode != null">
        CLASS_CODE,
      </if>
      <if test="classType != null">
        CLASS_TYPE,
      </if>
      <if test="brandCode != null">
        BRAND_CODE,
      </if>
      <if test="payTermCode != null">
        PAY_TERM_CODE,
      </if>
      <if test="payMethodCode != null">
        PAY_METHOD_CODE,
      </if>
      <if test="zhangqi != null">
        ZHANGQI,
      </if>
      <if test="contractYear != null">
        CONTRACT_YEAR,
      </if>
      <if test="imageValidDate != null">
        IMAGE_VALID_DATE,
      </if>
      <if test="effectStartDate != null">
        EFFECT_START_DATE,
      </if>
      <if test="effectEndDate != null">
        EFFECT_END_DATE,
      </if>
      <if test="realEffectEndDate != null">
        REAL_EFFECT_END_DATE,
      </if>
      <if test="createTime != null">
        CREATE_TIME,
      </if>
      <if test="remark != null">
        REMARK,
      </if>
      <if test="updateTime != null">
        UPDATE_TIME,
      </if>
      <if test="updatePerson != null">
        UPDATE_PERSON,
      </if>
      <if test="isRemoved != null">
        IS_REMOVED,
      </if>
      <if test="sendScope != null">
        SEND_SCOPE,
      </if>
      <if test="buyorggroupCode != null">
        BUYORGGROUP_CODE,
      </if>
      <if test="singlePayGe != null">
        SINGLE_PAY_GE,
      </if>
      <if test="bankAcceptTime != null">
        BANK_ACCEPT_TIME,
      </if>
      <if test="exchangeFreight != null">
        EXCHANGE_FREIGHT,
      </if>
      <if test="imperfectionFreight != null">
        IMPERFECTION_FREIGHT,
      </if>
      <if test="heelPriceFreight != null">
        HEEL_PRICE_FREIGHT,
      </if>
      <if test="signTaxDiscount != null">
        SIGN_TAX_DISCOUNT,
      </if>
      <if test="imperfectionFreightPercentage != null">
        IMPERFECTION_FREIGHT_PERCENTAGE,
      </if>
    </trim>
    <trim prefix="values (" suffix=")" suffixOverrides=",">
      <if test="id != null">
        #{id,jdbcType=INTEGER},
      </if>
      <if test="documentType != null">
        #{documentType,jdbcType=VARCHAR},
      </if>
      <if test="contractCode != null">
        #{contractCode,jdbcType=VARCHAR},
      </if>
      <if test="companyCode != null">
        #{companyCode,jdbcType=VARCHAR},
      </if>
      <if test="buyorgCode != null">
        #{buyorgCode,jdbcType=VARCHAR},
      </if>
      <if test="suppCode != null">
        #{suppCode,jdbcType=VARCHAR},
      </if>
      <if test="classCode != null">
        #{classCode,jdbcType=VARCHAR},
      </if>
      <if test="classType != null">
        #{classType,jdbcType=VARCHAR},
      </if>
      <if test="brandCode != null">
        #{brandCode,jdbcType=VARCHAR},
      </if>
      <if test="payTermCode != null">
        #{payTermCode,jdbcType=VARCHAR},
      </if>
      <if test="payMethodCode != null">
        #{payMethodCode,jdbcType=VARCHAR},
      </if>
      <if test="zhangqi != null">
        #{zhangqi,jdbcType=VARCHAR},
      </if>
      <if test="contractYear != null">
        #{contractYear,jdbcType=VARCHAR},
      </if>
      <if test="imageValidDate != null">
        #{imageValidDate,jdbcType=DATE},
      </if>
      <if test="effectStartDate != null">
        #{effectStartDate,jdbcType=DATE},
      </if>
      <if test="effectEndDate != null">
        #{effectEndDate,jdbcType=DATE},
      </if>
      <if test="realEffectEndDate != null">
        #{realEffectEndDate,jdbcType=DATE},
      </if>
      <if test="createTime != null">
        #{createTime,jdbcType=DATE},
      </if>
      <if test="remark != null">
        #{remark,jdbcType=VARCHAR},
      </if>
      <if test="updateTime != null">
        #{updateTime,jdbcType=DATE},
      </if>
      <if test="updatePerson != null">
        #{updatePerson,jdbcType=VARCHAR},
      </if>
      <if test="isRemoved != null">
        #{isRemoved,jdbcType=VARCHAR},
      </if>
      <if test="sendScope != null">
        #{sendScope,jdbcType=VARCHAR},
      </if>
      <if test="buyorggroupCode != null">
        #{buyorggroupCode,jdbcType=VARCHAR},
      </if>
      <if test="singlePayGe != null">
        #{singlePayGe,jdbcType=VARCHAR},
      </if>
      <if test="bankAcceptTime != null">
        #{bankAcceptTime,jdbcType=VARCHAR},
      </if>
      <if test="exchangeFreight != null">
        #{exchangeFreight,jdbcType=VARCHAR},
      </if>
      <if test="imperfectionFreight != null">
        #{imperfectionFreight,jdbcType=VARCHAR},
      </if>
      <if test="heelPriceFreight != null">
        #{heelPriceFreight,jdbcType=VARCHAR},
      </if>
      <if test="signTaxDiscount != null">
        #{signTaxDiscount,jdbcType=VARCHAR},
      </if>
      <if test="imperfectionFreightPercentage != null">
        #{imperfectionFreightPercentage,jdbcType=VARCHAR},
      </if>
    </trim>
  </insert>
  <update id="updateByPrimaryKeySelective" parameterType="com.gome.scs.scsservice.emp.entity.MdContract">
    update md_contract
    <set>
      <if test="documentType != null">
        DOCUMENT_TYPE = #{documentType,jdbcType=VARCHAR},
      </if>
      <if test="contractCode != null">
        CONTRACT_CODE = #{contractCode,jdbcType=VARCHAR},
      </if>
      <if test="companyCode != null">
        COMPANY_CODE = #{companyCode,jdbcType=VARCHAR},
      </if>
      <if test="buyorgCode != null">
        BUYORG_CODE = #{buyorgCode,jdbcType=VARCHAR},
      </if>
      <if test="suppCode != null">
        SUPP_CODE = #{suppCode,jdbcType=VARCHAR},
      </if>
      <if test="classCode != null">
        CLASS_CODE = #{classCode,jdbcType=VARCHAR},
      </if>
      <if test="classType != null">
        CLASS_TYPE = #{classType,jdbcType=VARCHAR},
      </if>
      <if test="brandCode != null">
        BRAND_CODE = #{brandCode,jdbcType=VARCHAR},
      </if>
      <if test="payTermCode != null">
        PAY_TERM_CODE = #{payTermCode,jdbcType=VARCHAR},
      </if>
      <if test="payMethodCode != null">
        PAY_METHOD_CODE = #{payMethodCode,jdbcType=VARCHAR},
      </if>
      <if test="zhangqi != null">
        ZHANGQI = #{zhangqi,jdbcType=VARCHAR},
      </if>
      <if test="contractYear != null">
        CONTRACT_YEAR = #{contractYear,jdbcType=VARCHAR},
      </if>
      <if test="imageValidDate != null">
        IMAGE_VALID_DATE = #{imageValidDate,jdbcType=DATE},
      </if>
      <if test="effectStartDate != null">
        EFFECT_START_DATE = #{effectStartDate,jdbcType=DATE},
      </if>
      <if test="effectEndDate != null">
        EFFECT_END_DATE = #{effectEndDate,jdbcType=DATE},
      </if>
      <if test="realEffectEndDate != null">
        REAL_EFFECT_END_DATE = #{realEffectEndDate,jdbcType=DATE},
      </if>
      <if test="createTime != null">
        CREATE_TIME = #{createTime,jdbcType=DATE},
      </if>
      <if test="remark != null">
        REMARK = #{remark,jdbcType=VARCHAR},
      </if>
      <if test="updateTime != null">
        UPDATE_TIME = #{updateTime,jdbcType=DATE},
      </if>
      <if test="updatePerson != null">
        UPDATE_PERSON = #{updatePerson,jdbcType=VARCHAR},
      </if>
      <if test="isRemoved != null">
        IS_REMOVED = #{isRemoved,jdbcType=VARCHAR},
      </if>
      <if test="sendScope != null">
        SEND_SCOPE = #{sendScope,jdbcType=VARCHAR},
      </if>
      <if test="buyorggroupCode != null">
        BUYORGGROUP_CODE = #{buyorggroupCode,jdbcType=VARCHAR},
      </if>
      <if test="singlePayGe != null">
        SINGLE_PAY_GE = #{singlePayGe,jdbcType=VARCHAR},
      </if>
      <if test="bankAcceptTime != null">
        BANK_ACCEPT_TIME = #{bankAcceptTime,jdbcType=VARCHAR},
      </if>
      <if test="exchangeFreight != null">
        EXCHANGE_FREIGHT = #{exchangeFreight,jdbcType=VARCHAR},
      </if>
      <if test="imperfectionFreight != null">
        IMPERFECTION_FREIGHT = #{imperfectionFreight,jdbcType=VARCHAR},
      </if>
      <if test="heelPriceFreight != null">
        HEEL_PRICE_FREIGHT = #{heelPriceFreight,jdbcType=VARCHAR},
      </if>
      <if test="signTaxDiscount != null">
        SIGN_TAX_DISCOUNT = #{signTaxDiscount,jdbcType=VARCHAR},
      </if>
      <if test="imperfectionFreightPercentage != null">
        IMPERFECTION_FREIGHT_PERCENTAGE = #{imperfectionFreightPercentage,jdbcType=VARCHAR},
      </if>
    </set>
    where ID = #{id,jdbcType=INTEGER}
  </update>
  <update id="updateByPrimaryKey" parameterType="com.gome.scs.scsservice.emp.entity.MdContract">
    update md_contract
    set DOCUMENT_TYPE = #{documentType,jdbcType=VARCHAR},
      CONTRACT_CODE = #{contractCode,jdbcType=VARCHAR},
      COMPANY_CODE = #{companyCode,jdbcType=VARCHAR},
      BUYORG_CODE = #{buyorgCode,jdbcType=VARCHAR},
      SUPP_CODE = #{suppCode,jdbcType=VARCHAR},
      CLASS_CODE = #{classCode,jdbcType=VARCHAR},
      CLASS_TYPE = #{classType,jdbcType=VARCHAR},
      BRAND_CODE = #{brandCode,jdbcType=VARCHAR},
      PAY_TERM_CODE = #{payTermCode,jdbcType=VARCHAR},
      PAY_METHOD_CODE = #{payMethodCode,jdbcType=VARCHAR},
      ZHANGQI = #{zhangqi,jdbcType=VARCHAR},
      CONTRACT_YEAR = #{contractYear,jdbcType=VARCHAR},
      IMAGE_VALID_DATE = #{imageValidDate,jdbcType=DATE},
      EFFECT_START_DATE = #{effectStartDate,jdbcType=DATE},
      EFFECT_END_DATE = #{effectEndDate,jdbcType=DATE},
      REAL_EFFECT_END_DATE = #{realEffectEndDate,jdbcType=DATE},
      CREATE_TIME = #{createTime,jdbcType=DATE},
      REMARK = #{remark,jdbcType=VARCHAR},
      UPDATE_TIME = #{updateTime,jdbcType=DATE},
      UPDATE_PERSON = #{updatePerson,jdbcType=VARCHAR},
      IS_REMOVED = #{isRemoved,jdbcType=VARCHAR},
      SEND_SCOPE = #{sendScope,jdbcType=VARCHAR},
      BUYORGGROUP_CODE = #{buyorggroupCode,jdbcType=VARCHAR},
      SINGLE_PAY_GE = #{singlePayGe,jdbcType=VARCHAR},
      BANK_ACCEPT_TIME = #{bankAcceptTime,jdbcType=VARCHAR},
      EXCHANGE_FREIGHT = #{exchangeFreight,jdbcType=VARCHAR},
      IMPERFECTION_FREIGHT = #{imperfectionFreight,jdbcType=VARCHAR},
      HEEL_PRICE_FREIGHT = #{heelPriceFreight,jdbcType=VARCHAR},
      SIGN_TAX_DISCOUNT = #{signTaxDiscount,jdbcType=VARCHAR},
      IMPERFECTION_FREIGHT_PERCENTAGE = #{imperfectionFreightPercentage,jdbcType=VARCHAR}
    where ID = #{id,jdbcType=INTEGER}
  </update>
</mapper>