<?xml version="1.0" encoding="UTF-8"?>
<!DOCTYPE mapper PUBLIC "-//mybatis.org//DTD Mapper 3.0//EN" "http://mybatis.org/dtd/mybatis-3-mapper.dtd">
<mapper namespace="com.gome.scs.scsservice.emp.mapper.MdContractCompareMapper">
  <resultMap id="BaseResultMap" type="com.gome.scs.scsservice.emp.entity.MdContractCompare">
    <id column="ID" jdbcType="INTEGER" property="id" />
    <result column="CONTRACT_CODE" jdbcType="VARCHAR" property="contractCode" />
    <result column="DOCUMENT_TYPE" jdbcType="VARCHAR" property="documentType" />
    <result column="EARN_CODE" jdbcType="VARCHAR" property="earnCode" />
    <result column="CONDITION_TYPE" jdbcType="VARCHAR" property="conditionType" />
    <result column="STEP_CONDITION_VAL" jdbcType="VARCHAR" property="stepConditionVal" />
    <result column="STEP_LEVEL_VAL" jdbcType="VARCHAR" property="stepLevelVal" />
    <result column="CLASS_TWO" jdbcType="VARCHAR" property="classTwo" />
    <result column="POLICY_VALUE" jdbcType="VARCHAR" property="policyValue" />
    <result column="REMARK" jdbcType="VARCHAR" property="remark" />
    <result column="INVOICE_TYPE" jdbcType="VARCHAR" property="invoiceType" />
    <result column="PAY_TYPE" jdbcType="VARCHAR" property="payType" />
    <result column="PERIOD" jdbcType="VARCHAR" property="period" />
    <result column="CHARGE_DATE" jdbcType="VARCHAR" property="chargeDate" />
    <result column="SKU_CODE" jdbcType="VARCHAR" property="skuCode" />
    <result column="POLICY_NAME" jdbcType="VARCHAR" property="policyName" />
    <result column="UPDATE_TIME" jdbcType="TIMESTAMP" property="updateTime" />
    <result column="IS_REMOVED" jdbcType="VARCHAR" property="isRemoved" />
  </resultMap>
  <sql id="Base_Column_List">
    ID, CONTRACT_CODE, DOCUMENT_TYPE, EARN_CODE, CONDITION_TYPE, STEP_CONDITION_VAL, 
    STEP_LEVEL_VAL, CLASS_TWO, POLICY_VALUE, REMARK, INVOICE_TYPE, PAY_TYPE, PERIOD, 
    CHARGE_DATE, SKU_CODE, POLICY_NAME, UPDATE_TIME, IS_REMOVED
  </sql>
  <select id="selectByPrimaryKey" parameterType="java.lang.Integer" resultMap="BaseResultMap">
    select 
    <include refid="Base_Column_List" />
    from md_contract_compare
    where ID = #{id,jdbcType=INTEGER}
  </select>
  <delete id="deleteByPrimaryKey" parameterType="java.lang.Integer">
    delete from md_contract_compare
    where ID = #{id,jdbcType=INTEGER}
  </delete>
  <insert id="insert" parameterType="com.gome.scs.scsservice.emp.entity.MdContractCompare">
    insert into md_contract_compare (ID, CONTRACT_CODE, DOCUMENT_TYPE, 
      EARN_CODE, CONDITION_TYPE, STEP_CONDITION_VAL, 
      STEP_LEVEL_VAL, CLASS_TWO, POLICY_VALUE, 
      REMARK, INVOICE_TYPE, PAY_TYPE, 
      PERIOD, CHARGE_DATE, SKU_CODE, 
      POLICY_NAME, UPDATE_TIME, IS_REMOVED
      )
    values (#{id,jdbcType=INTEGER}, #{contractCode,jdbcType=VARCHAR}, #{documentType,jdbcType=VARCHAR}, 
      #{earnCode,jdbcType=VARCHAR}, #{conditionType,jdbcType=VARCHAR}, #{stepConditionVal,jdbcType=VARCHAR}, 
      #{stepLevelVal,jdbcType=VARCHAR}, #{classTwo,jdbcType=VARCHAR}, #{policyValue,jdbcType=VARCHAR}, 
      #{remark,jdbcType=VARCHAR}, #{invoiceType,jdbcType=VARCHAR}, #{payType,jdbcType=VARCHAR}, 
      #{period,jdbcType=VARCHAR}, #{chargeDate,jdbcType=VARCHAR}, #{skuCode,jdbcType=VARCHAR}, 
      #{policyName,jdbcType=VARCHAR}, #{updateTime,jdbcType=TIMESTAMP}, #{isRemoved,jdbcType=VARCHAR}
      )
  </insert>
  <insert id="insertSelective" parameterType="com.gome.scs.scsservice.emp.entity.MdContractCompare">
    insert into md_contract_compare
    <trim prefix="(" suffix=")" suffixOverrides=",">
      <if test="id != null">
        ID,
      </if>
      <if test="contractCode != null">
        CONTRACT_CODE,
      </if>
      <if test="documentType != null">
        DOCUMENT_TYPE,
      </if>
      <if test="earnCode != null">
        EARN_CODE,
      </if>
      <if test="conditionType != null">
        CONDITION_TYPE,
      </if>
      <if test="stepConditionVal != null">
        STEP_CONDITION_VAL,
      </if>
      <if test="stepLevelVal != null">
        STEP_LEVEL_VAL,
      </if>
      <if test="classTwo != null">
        CLASS_TWO,
      </if>
      <if test="policyValue != null">
        POLICY_VALUE,
      </if>
      <if test="remark != null">
        REMARK,
      </if>
      <if test="invoiceType != null">
        INVOICE_TYPE,
      </if>
      <if test="payType != null">
        PAY_TYPE,
      </if>
      <if test="period != null">
        PERIOD,
      </if>
      <if test="chargeDate != null">
        CHARGE_DATE,
      </if>
      <if test="skuCode != null">
        SKU_CODE,
      </if>
      <if test="policyName != null">
        POLICY_NAME,
      </if>
      <if test="updateTime != null">
        UPDATE_TIME,
      </if>
      <if test="isRemoved != null">
        IS_REMOVED,
      </if>
    </trim>
    <trim prefix="values (" suffix=")" suffixOverrides=",">
      <if test="id != null">
        #{id,jdbcType=INTEGER},
      </if>
      <if test="contractCode != null">
        #{contractCode,jdbcType=VARCHAR},
      </if>
      <if test="documentType != null">
        #{documentType,jdbcType=VARCHAR},
      </if>
      <if test="earnCode != null">
        #{earnCode,jdbcType=VARCHAR},
      </if>
      <if test="conditionType != null">
        #{conditionType,jdbcType=VARCHAR},
      </if>
      <if test="stepConditionVal != null">
        #{stepConditionVal,jdbcType=VARCHAR},
      </if>
      <if test="stepLevelVal != null">
        #{stepLevelVal,jdbcType=VARCHAR},
      </if>
      <if test="classTwo != null">
        #{classTwo,jdbcType=VARCHAR},
      </if>
      <if test="policyValue != null">
        #{policyValue,jdbcType=VARCHAR},
      </if>
      <if test="remark != null">
        #{remark,jdbcType=VARCHAR},
      </if>
      <if test="invoiceType != null">
        #{invoiceType,jdbcType=VARCHAR},
      </if>
      <if test="payType != null">
        #{payType,jdbcType=VARCHAR},
      </if>
      <if test="period != null">
        #{period,jdbcType=VARCHAR},
      </if>
      <if test="chargeDate != null">
        #{chargeDate,jdbcType=VARCHAR},
      </if>
      <if test="skuCode != null">
        #{skuCode,jdbcType=VARCHAR},
      </if>
      <if test="policyName != null">
        #{policyName,jdbcType=VARCHAR},
      </if>
      <if test="updateTime != null">
        #{updateTime,jdbcType=TIMESTAMP},
      </if>
      <if test="isRemoved != null">
        #{isRemoved,jdbcType=VARCHAR},
      </if>
    </trim>
  </insert>
  <update id="updateByPrimaryKeySelective" parameterType="com.gome.scs.scsservice.emp.entity.MdContractCompare">
    update md_contract_compare
    <set>
      <if test="contractCode != null">
        CONTRACT_CODE = #{contractCode,jdbcType=VARCHAR},
      </if>
      <if test="documentType != null">
        DOCUMENT_TYPE = #{documentType,jdbcType=VARCHAR},
      </if>
      <if test="earnCode != null">
        EARN_CODE = #{earnCode,jdbcType=VARCHAR},
      </if>
      <if test="conditionType != null">
        CONDITION_TYPE = #{conditionType,jdbcType=VARCHAR},
      </if>
      <if test="stepConditionVal != null">
        STEP_CONDITION_VAL = #{stepConditionVal,jdbcType=VARCHAR},
      </if>
      <if test="stepLevelVal != null">
        STEP_LEVEL_VAL = #{stepLevelVal,jdbcType=VARCHAR},
      </if>
      <if test="classTwo != null">
        CLASS_TWO = #{classTwo,jdbcType=VARCHAR},
      </if>
      <if test="policyValue != null">
        POLICY_VALUE = #{policyValue,jdbcType=VARCHAR},
      </if>
      <if test="remark != null">
        REMARK = #{remark,jdbcType=VARCHAR},
      </if>
      <if test="invoiceType != null">
        INVOICE_TYPE = #{invoiceType,jdbcType=VARCHAR},
      </if>
      <if test="payType != null">
        PAY_TYPE = #{payType,jdbcType=VARCHAR},
      </if>
      <if test="period != null">
        PERIOD = #{period,jdbcType=VARCHAR},
      </if>
      <if test="chargeDate != null">
        CHARGE_DATE = #{chargeDate,jdbcType=VARCHAR},
      </if>
      <if test="skuCode != null">
        SKU_CODE = #{skuCode,jdbcType=VARCHAR},
      </if>
      <if test="policyName != null">
        POLICY_NAME = #{policyName,jdbcType=VARCHAR},
      </if>
      <if test="updateTime != null">
        UPDATE_TIME = #{updateTime,jdbcType=TIMESTAMP},
      </if>
      <if test="isRemoved != null">
        IS_REMOVED = #{isRemoved,jdbcType=VARCHAR},
      </if>
    </set>
    where ID = #{id,jdbcType=INTEGER}
  </update>
  <update id="updateByPrimaryKey" parameterType="com.gome.scs.scsservice.emp.entity.MdContractCompare">
    update md_contract_compare
    set CONTRACT_CODE = #{contractCode,jdbcType=VARCHAR},
      DOCUMENT_TYPE = #{documentType,jdbcType=VARCHAR},
      EARN_CODE = #{earnCode,jdbcType=VARCHAR},
      CONDITION_TYPE = #{conditionType,jdbcType=VARCHAR},
      STEP_CONDITION_VAL = #{stepConditionVal,jdbcType=VARCHAR},
      STEP_LEVEL_VAL = #{stepLevelVal,jdbcType=VARCHAR},
      CLASS_TWO = #{classTwo,jdbcType=VARCHAR},
      POLICY_VALUE = #{policyValue,jdbcType=VARCHAR},
      REMARK = #{remark,jdbcType=VARCHAR},
      INVOICE_TYPE = #{invoiceType,jdbcType=VARCHAR},
      PAY_TYPE = #{payType,jdbcType=VARCHAR},
      PERIOD = #{period,jdbcType=VARCHAR},
      CHARGE_DATE = #{chargeDate,jdbcType=VARCHAR},
      SKU_CODE = #{skuCode,jdbcType=VARCHAR},
      POLICY_NAME = #{policyName,jdbcType=VARCHAR},
      UPDATE_TIME = #{updateTime,jdbcType=TIMESTAMP},
      IS_REMOVED = #{isRemoved,jdbcType=VARCHAR}
    where ID = #{id,jdbcType=INTEGER}
  </update>
</mapper>