<?xml version="1.0" encoding="UTF-8"?>
<!DOCTYPE mapper PUBLIC "-//mybatis.org//DTD Mapper 3.0//EN" "http://mybatis.org/dtd/mybatis-3-mapper.dtd">
<mapper namespace="com.gome.scs.scsservice.emp.mapper.MdEcommerceCommodityMapper">
  <resultMap id="BaseResultMap" type="com.gome.scs.scsservice.emp.entity.MdEcommerceCommodity">
    <id column="ID" jdbcType="INTEGER" property="id" />
    <result column="COMMODITY_CODE" jdbcType="VARCHAR" property="commodityCode" />
    <result column="COMMODITY_NAME" jdbcType="VARCHAR" property="commodityName" />
    <result column="COMMODITY_TYPE" jdbcType="VARCHAR" property="commodityType" />
    <result column="COMMODITY_CATEGORY" jdbcType="VARCHAR" property="commodityCategory" />
    <result column="BRAND_CODE" jdbcType="VARCHAR" property="brandCode" />
    <result column="MODEL" jdbcType="VARCHAR" property="model" />
    <result column="STORE_CODE" jdbcType="VARCHAR" property="storeCode" />
    <result column="UNIT" jdbcType="VARCHAR" property="unit" />
    <result column="ASSESS_CODE" jdbcType="VARCHAR" property="assessCode" />
    <result column="MANUFACTURER" jdbcType="VARCHAR" property="manufacturer" />
    <result column="ORIGIN_COUNTRY_CODE" jdbcType="VARCHAR" property="originCountryCode" />
    <result column="ORIGIN_PROVINCE_CODE" jdbcType="VARCHAR" property="originProvinceCode" />
    <result column="ORIGIN_DESC" jdbcType="VARCHAR" property="originDesc" />
    <result column="WEIGHT" jdbcType="VARCHAR" property="weight" />
    <result column="LENGTH" jdbcType="VARCHAR" property="length" />
    <result column="WIDE" jdbcType="VARCHAR" property="wide" />
    <result column="HIGH" jdbcType="VARCHAR" property="high" />
    <result column="UPC_CODE" jdbcType="VARCHAR" property="upcCode" />
    <result column="MRP_TYPE" jdbcType="VARCHAR" property="mrpType" />
    <result column="ORDER_POINT" jdbcType="VARCHAR" property="orderPoint" />
    <result column="SECURE_STOCK" jdbcType="VARCHAR" property="secureStock" />
    <result column="MAX_STOCK" jdbcType="VARCHAR" property="maxStock" />
    <result column="PREDICTION_MODEL_CODE" jdbcType="VARCHAR" property="predictionModelCode" />
    <result column="PERIOD_CODE" jdbcType="VARCHAR" property="periodCode" />
    <result column="BATCH_FLAG" jdbcType="VARCHAR" property="batchFlag" />
    <result column="VALIDITY_PERIOD" jdbcType="VARCHAR" property="validityPeriod" />
    <result column="STOCKOUT_WARN" jdbcType="VARCHAR" property="stockoutWarn" />
    <result column="UNSALABLE_WARN" jdbcType="VARCHAR" property="unsalableWarn" />
    <result column="PRICE_CONTROL_CODE" jdbcType="VARCHAR" property="priceControlCode" />
    <result column="REMOVED_FLAG" jdbcType="VARCHAR" property="removedFlag" />
    <result column="INTEGRAL" jdbcType="VARCHAR" property="integral" />
    <result column="MAIN_PARAMETER" jdbcType="VARCHAR" property="mainParameter" />
    <result column="MINOR_PARAMETER" jdbcType="VARCHAR" property="minorParameter" />
    <result column="LOSS_FLAG" jdbcType="VARCHAR" property="lossFlag" />
    <result column="INSTALL_FLAG" jdbcType="VARCHAR" property="installFlag" />
    <result column="OPEN_EXAMINE" jdbcType="VARCHAR" property="openExamine" />
    <result column="GOME_EXCLUSIVE" jdbcType="VARCHAR" property="gomeExclusive" />
    <result column="INVOICE" jdbcType="VARCHAR" property="invoice" />
    <result column="FREEZE_FLAG" jdbcType="VARCHAR" property="freezeFlag" />
    <result column="SKY_EMBARGO" jdbcType="VARCHAR" property="skyEmbargo" />
    <result column="TEMPERATURE" jdbcType="VARCHAR" property="temperature" />
    <result column="VALUABLE_FLAG" jdbcType="VARCHAR" property="valuableFlag" />
    <result column="DANGER_FLAG" jdbcType="VARCHAR" property="dangerFlag" />
    <result column="LIQUID_FLAG" jdbcType="VARCHAR" property="liquidFlag" />
    <result column="PRIVACY_FLAG" jdbcType="VARCHAR" property="privacyFlag" />
    <result column="DISPATCH_TYPE" jdbcType="VARCHAR" property="dispatchType" />
    <result column="COMMODITY_GROUP" jdbcType="VARCHAR" property="commodityGroup" />
    <result column="TAX_TYPE" jdbcType="VARCHAR" property="taxType" />
    <result column="CONSERVE_ENERGY_FLAG" jdbcType="VARCHAR" property="conserveEnergyFlag" />
    <result column="CONSERVE_ENERGY_PRICE" jdbcType="VARCHAR" property="conserveEnergyPrice" />
    <result column="BOOK_PRICE" jdbcType="VARCHAR" property="bookPrice" />
    <result column="BIG_COMMODITY_FLAG" jdbcType="VARCHAR" property="bigCommodityFlag" />
    <result column="CITY_CODE" jdbcType="VARCHAR" property="cityCode" />
    <result column="LABEL_MANAGE" jdbcType="VARCHAR" property="labelManage" />
    <result column="IMPORT_EXPORT_FLAG" jdbcType="VARCHAR" property="importExportFlag" />
    <result column="CARD_TYPE" jdbcType="VARCHAR" property="cardType" />
    <result column="OPERATOR" jdbcType="VARCHAR" property="operator" />
    <result column="DISTRICT_CODE" jdbcType="VARCHAR" property="districtCode" />
    <result column="START_NUMBER" jdbcType="VARCHAR" property="startNumber" />
    <result column="END_NUMBER" jdbcType="VARCHAR" property="endNumber" />
    <result column="EXPIRATION_DATE" jdbcType="INTEGER" property="expirationDate" />
    <result column="PACK_SIZE" jdbcType="VARCHAR" property="packSize" />
    <result column="SERIAL_MANAGE" jdbcType="VARCHAR" property="serialManage" />
    <result column="GOODS_LIFETIME" jdbcType="VARCHAR" property="goodsLifetime" />
    <result column="EAPPLIANCE_TYPE" jdbcType="VARCHAR" property="eapplianceType" />
    <result column="EAPPLIANCE_CATEGORY" jdbcType="VARCHAR" property="eapplianceCategory" />
    <result column="EAPPLIANCE_BRAND" jdbcType="VARCHAR" property="eapplianceBrand" />
    <result column="EAPPLIANCE_TAX_TYPE" jdbcType="VARCHAR" property="eapplianceTaxType" />
    <result column="COMMODITY_TIME" jdbcType="TIMESTAMP" property="commodityTime" />
    <result column="UPDATE_FLAG" jdbcType="VARCHAR" property="updateFlag" />
    <result column="ECOMMERCE_FLAG" jdbcType="VARCHAR" property="ecommerceFlag" />
    <result column="OA_CODE" jdbcType="VARCHAR" property="oaCode" />
    <result column="APPLY_BRANCH" jdbcType="VARCHAR" property="applyBranch" />
    <result column="APPLY_PERSON" jdbcType="VARCHAR" property="applyPerson" />
    <result column="MAKE_TYPE" jdbcType="VARCHAR" property="makeType" />
    <result column="UNUSED" jdbcType="VARCHAR" property="unused" />
    <result column="COMMODITY_STATUS" jdbcType="VARCHAR" property="commodityStatus" />
    <result column="WARRANTY_UPPER_LIMIT" jdbcType="VARCHAR" property="warrantyUpperLimit" />
    <result column="WARRANTY_LOWER_LIMIT" jdbcType="VARCHAR" property="warrantyLowerLimit" />
    <result column="SKU_ID" jdbcType="VARCHAR" property="skuId" />
    <result column="CODE_LEVEL" jdbcType="VARCHAR" property="codeLevel" />
    <result column="SELLING_POINT" jdbcType="VARCHAR" property="sellingPoint" />
    <result column="GIFIT_FLAG" jdbcType="VARCHAR" property="gifitFlag" />
    <result column="BATCH_SIGN" jdbcType="VARCHAR" property="batchSign" />
    <result column="ATTRIBUTE" jdbcType="VARCHAR" property="attribute" />
    <result column="COMMODITY_SHAPE" jdbcType="VARCHAR" property="commodityShape" />
    <result column="ABC_MARK" jdbcType="VARCHAR" property="abcMark" />
    <result column="IS_REMOVED" jdbcType="VARCHAR" property="isRemoved" />
  </resultMap>
  <sql id="Base_Column_List">
    ID, COMMODITY_CODE, COMMODITY_NAME, COMMODITY_TYPE, COMMODITY_CATEGORY, BRAND_CODE, 
    MODEL, STORE_CODE, UNIT, ASSESS_CODE, MANUFACTURER, ORIGIN_COUNTRY_CODE, ORIGIN_PROVINCE_CODE, 
    ORIGIN_DESC, WEIGHT, LENGTH, WIDE, HIGH, UPC_CODE, MRP_TYPE, ORDER_POINT, SECURE_STOCK, 
    MAX_STOCK, PREDICTION_MODEL_CODE, PERIOD_CODE, BATCH_FLAG, VALIDITY_PERIOD, STOCKOUT_WARN, 
    UNSALABLE_WARN, PRICE_CONTROL_CODE, REMOVED_FLAG, INTEGRAL, MAIN_PARAMETER, MINOR_PARAMETER, 
    LOSS_FLAG, INSTALL_FLAG, OPEN_EXAMINE, GOME_EXCLUSIVE, INVOICE, FREEZE_FLAG, SKY_EMBARGO, 
    TEMPERATURE, VALUABLE_FLAG, DANGER_FLAG, LIQUID_FLAG, PRIVACY_FLAG, DISPATCH_TYPE, 
    COMMODITY_GROUP, TAX_TYPE, CONSERVE_ENERGY_FLAG, CONSERVE_ENERGY_PRICE, BOOK_PRICE, 
    BIG_COMMODITY_FLAG, CITY_CODE, LABEL_MANAGE, IMPORT_EXPORT_FLAG, CARD_TYPE, OPERATOR, 
    DISTRICT_CODE, START_NUMBER, END_NUMBER, EXPIRATION_DATE, PACK_SIZE, SERIAL_MANAGE, 
    GOODS_LIFETIME, EAPPLIANCE_TYPE, EAPPLIANCE_CATEGORY, EAPPLIANCE_BRAND, EAPPLIANCE_TAX_TYPE, 
    COMMODITY_TIME, UPDATE_FLAG, ECOMMERCE_FLAG, OA_CODE, APPLY_BRANCH, APPLY_PERSON, 
    MAKE_TYPE, UNUSED, COMMODITY_STATUS, WARRANTY_UPPER_LIMIT, WARRANTY_LOWER_LIMIT, 
    SKU_ID, CODE_LEVEL, SELLING_POINT, GIFIT_FLAG, BATCH_SIGN, ATTRIBUTE, COMMODITY_SHAPE, 
    ABC_MARK, IS_REMOVED
  </sql>
  <select id="selectByPrimaryKey" parameterType="java.lang.Integer" resultMap="BaseResultMap">
    select 
    <include refid="Base_Column_List" />
    from md_ecommerce_commodity
    where ID = #{id,jdbcType=INTEGER}
  </select>
  <delete id="deleteByPrimaryKey" parameterType="java.lang.Integer">
    delete from md_ecommerce_commodity
    where ID = #{id,jdbcType=INTEGER}
  </delete>
  <insert id="insert" parameterType="com.gome.scs.scsservice.emp.entity.MdEcommerceCommodity">
    insert into md_ecommerce_commodity (ID, COMMODITY_CODE, COMMODITY_NAME, 
      COMMODITY_TYPE, COMMODITY_CATEGORY, BRAND_CODE, 
      MODEL, STORE_CODE, UNIT, 
      ASSESS_CODE, MANUFACTURER, ORIGIN_COUNTRY_CODE, 
      ORIGIN_PROVINCE_CODE, ORIGIN_DESC, WEIGHT, 
      LENGTH, WIDE, HIGH, 
      UPC_CODE, MRP_TYPE, ORDER_POINT, 
      SECURE_STOCK, MAX_STOCK, PREDICTION_MODEL_CODE, 
      PERIOD_CODE, BATCH_FLAG, VALIDITY_PERIOD, 
      STOCKOUT_WARN, UNSALABLE_WARN, PRICE_CONTROL_CODE, 
      REMOVED_FLAG, INTEGRAL, MAIN_PARAMETER, 
      MINOR_PARAMETER, LOSS_FLAG, INSTALL_FLAG, 
      OPEN_EXAMINE, GOME_EXCLUSIVE, INVOICE, 
      FREEZE_FLAG, SKY_EMBARGO, TEMPERATURE, 
      VALUABLE_FLAG, DANGER_FLAG, LIQUID_FLAG, 
      PRIVACY_FLAG, DISPATCH_TYPE, COMMODITY_GROUP, 
      TAX_TYPE, CONSERVE_ENERGY_FLAG, CONSERVE_ENERGY_PRICE, 
      BOOK_PRICE, BIG_COMMODITY_FLAG, CITY_CODE, 
      LABEL_MANAGE, IMPORT_EXPORT_FLAG, CARD_TYPE, 
      OPERATOR, DISTRICT_CODE, START_NUMBER, 
      END_NUMBER, EXPIRATION_DATE, PACK_SIZE, 
      SERIAL_MANAGE, GOODS_LIFETIME, EAPPLIANCE_TYPE, 
      EAPPLIANCE_CATEGORY, EAPPLIANCE_BRAND, EAPPLIANCE_TAX_TYPE, 
      COMMODITY_TIME, UPDATE_FLAG, ECOMMERCE_FLAG, 
      OA_CODE, APPLY_BRANCH, APPLY_PERSON, 
      MAKE_TYPE, UNUSED, COMMODITY_STATUS, 
      WARRANTY_UPPER_LIMIT, WARRANTY_LOWER_LIMIT, 
      SKU_ID, CODE_LEVEL, SELLING_POINT, 
      GIFIT_FLAG, BATCH_SIGN, ATTRIBUTE, 
      COMMODITY_SHAPE, ABC_MARK, IS_REMOVED
      )
    values (#{id,jdbcType=INTEGER}, #{commodityCode,jdbcType=VARCHAR}, #{commodityName,jdbcType=VARCHAR}, 
      #{commodityType,jdbcType=VARCHAR}, #{commodityCategory,jdbcType=VARCHAR}, #{brandCode,jdbcType=VARCHAR}, 
      #{model,jdbcType=VARCHAR}, #{storeCode,jdbcType=VARCHAR}, #{unit,jdbcType=VARCHAR}, 
      #{assessCode,jdbcType=VARCHAR}, #{manufacturer,jdbcType=VARCHAR}, #{originCountryCode,jdbcType=VARCHAR}, 
      #{originProvinceCode,jdbcType=VARCHAR}, #{originDesc,jdbcType=VARCHAR}, #{weight,jdbcType=VARCHAR}, 
      #{length,jdbcType=VARCHAR}, #{wide,jdbcType=VARCHAR}, #{high,jdbcType=VARCHAR}, 
      #{upcCode,jdbcType=VARCHAR}, #{mrpType,jdbcType=VARCHAR}, #{orderPoint,jdbcType=VARCHAR}, 
      #{secureStock,jdbcType=VARCHAR}, #{maxStock,jdbcType=VARCHAR}, #{predictionModelCode,jdbcType=VARCHAR}, 
      #{periodCode,jdbcType=VARCHAR}, #{batchFlag,jdbcType=VARCHAR}, #{validityPeriod,jdbcType=VARCHAR}, 
      #{stockoutWarn,jdbcType=VARCHAR}, #{unsalableWarn,jdbcType=VARCHAR}, #{priceControlCode,jdbcType=VARCHAR}, 
      #{removedFlag,jdbcType=VARCHAR}, #{integral,jdbcType=VARCHAR}, #{mainParameter,jdbcType=VARCHAR}, 
      #{minorParameter,jdbcType=VARCHAR}, #{lossFlag,jdbcType=VARCHAR}, #{installFlag,jdbcType=VARCHAR}, 
      #{openExamine,jdbcType=VARCHAR}, #{gomeExclusive,jdbcType=VARCHAR}, #{invoice,jdbcType=VARCHAR}, 
      #{freezeFlag,jdbcType=VARCHAR}, #{skyEmbargo,jdbcType=VARCHAR}, #{temperature,jdbcType=VARCHAR}, 
      #{valuableFlag,jdbcType=VARCHAR}, #{dangerFlag,jdbcType=VARCHAR}, #{liquidFlag,jdbcType=VARCHAR}, 
      #{privacyFlag,jdbcType=VARCHAR}, #{dispatchType,jdbcType=VARCHAR}, #{commodityGroup,jdbcType=VARCHAR}, 
      #{taxType,jdbcType=VARCHAR}, #{conserveEnergyFlag,jdbcType=VARCHAR}, #{conserveEnergyPrice,jdbcType=VARCHAR}, 
      #{bookPrice,jdbcType=VARCHAR}, #{bigCommodityFlag,jdbcType=VARCHAR}, #{cityCode,jdbcType=VARCHAR}, 
      #{labelManage,jdbcType=VARCHAR}, #{importExportFlag,jdbcType=VARCHAR}, #{cardType,jdbcType=VARCHAR}, 
      #{operator,jdbcType=VARCHAR}, #{districtCode,jdbcType=VARCHAR}, #{startNumber,jdbcType=VARCHAR}, 
      #{endNumber,jdbcType=VARCHAR}, #{expirationDate,jdbcType=INTEGER}, #{packSize,jdbcType=VARCHAR}, 
      #{serialManage,jdbcType=VARCHAR}, #{goodsLifetime,jdbcType=VARCHAR}, #{eapplianceType,jdbcType=VARCHAR}, 
      #{eapplianceCategory,jdbcType=VARCHAR}, #{eapplianceBrand,jdbcType=VARCHAR}, #{eapplianceTaxType,jdbcType=VARCHAR}, 
      #{commodityTime,jdbcType=TIMESTAMP}, #{updateFlag,jdbcType=VARCHAR}, #{ecommerceFlag,jdbcType=VARCHAR}, 
      #{oaCode,jdbcType=VARCHAR}, #{applyBranch,jdbcType=VARCHAR}, #{applyPerson,jdbcType=VARCHAR}, 
      #{makeType,jdbcType=VARCHAR}, #{unused,jdbcType=VARCHAR}, #{commodityStatus,jdbcType=VARCHAR}, 
      #{warrantyUpperLimit,jdbcType=VARCHAR}, #{warrantyLowerLimit,jdbcType=VARCHAR}, 
      #{skuId,jdbcType=VARCHAR}, #{codeLevel,jdbcType=VARCHAR}, #{sellingPoint,jdbcType=VARCHAR}, 
      #{gifitFlag,jdbcType=VARCHAR}, #{batchSign,jdbcType=VARCHAR}, #{attribute,jdbcType=VARCHAR}, 
      #{commodityShape,jdbcType=VARCHAR}, #{abcMark,jdbcType=VARCHAR}, #{isRemoved,jdbcType=VARCHAR}
      )
  </insert>
  <insert id="insertSelective" parameterType="com.gome.scs.scsservice.emp.entity.MdEcommerceCommodity">
    insert into md_ecommerce_commodity
    <trim prefix="(" suffix=")" suffixOverrides=",">
      <if test="id != null">
        ID,
      </if>
      <if test="commodityCode != null">
        COMMODITY_CODE,
      </if>
      <if test="commodityName != null">
        COMMODITY_NAME,
      </if>
      <if test="commodityType != null">
        COMMODITY_TYPE,
      </if>
      <if test="commodityCategory != null">
        COMMODITY_CATEGORY,
      </if>
      <if test="brandCode != null">
        BRAND_CODE,
      </if>
      <if test="model != null">
        MODEL,
      </if>
      <if test="storeCode != null">
        STORE_CODE,
      </if>
      <if test="unit != null">
        UNIT,
      </if>
      <if test="assessCode != null">
        ASSESS_CODE,
      </if>
      <if test="manufacturer != null">
        MANUFACTURER,
      </if>
      <if test="originCountryCode != null">
        ORIGIN_COUNTRY_CODE,
      </if>
      <if test="originProvinceCode != null">
        ORIGIN_PROVINCE_CODE,
      </if>
      <if test="originDesc != null">
        ORIGIN_DESC,
      </if>
      <if test="weight != null">
        WEIGHT,
      </if>
      <if test="length != null">
        LENGTH,
      </if>
      <if test="wide != null">
        WIDE,
      </if>
      <if test="high != null">
        HIGH,
      </if>
      <if test="upcCode != null">
        UPC_CODE,
      </if>
      <if test="mrpType != null">
        MRP_TYPE,
      </if>
      <if test="orderPoint != null">
        ORDER_POINT,
      </if>
      <if test="secureStock != null">
        SECURE_STOCK,
      </if>
      <if test="maxStock != null">
        MAX_STOCK,
      </if>
      <if test="predictionModelCode != null">
        PREDICTION_MODEL_CODE,
      </if>
      <if test="periodCode != null">
        PERIOD_CODE,
      </if>
      <if test="batchFlag != null">
        BATCH_FLAG,
      </if>
      <if test="validityPeriod != null">
        VALIDITY_PERIOD,
      </if>
      <if test="stockoutWarn != null">
        STOCKOUT_WARN,
      </if>
      <if test="unsalableWarn != null">
        UNSALABLE_WARN,
      </if>
      <if test="priceControlCode != null">
        PRICE_CONTROL_CODE,
      </if>
      <if test="removedFlag != null">
        REMOVED_FLAG,
      </if>
      <if test="integral != null">
        INTEGRAL,
      </if>
      <if test="mainParameter != null">
        MAIN_PARAMETER,
      </if>
      <if test="minorParameter != null">
        MINOR_PARAMETER,
      </if>
      <if test="lossFlag != null">
        LOSS_FLAG,
      </if>
      <if test="installFlag != null">
        INSTALL_FLAG,
      </if>
      <if test="openExamine != null">
        OPEN_EXAMINE,
      </if>
      <if test="gomeExclusive != null">
        GOME_EXCLUSIVE,
      </if>
      <if test="invoice != null">
        INVOICE,
      </if>
      <if test="freezeFlag != null">
        FREEZE_FLAG,
      </if>
      <if test="skyEmbargo != null">
        SKY_EMBARGO,
      </if>
      <if test="temperature != null">
        TEMPERATURE,
      </if>
      <if test="valuableFlag != null">
        VALUABLE_FLAG,
      </if>
      <if test="dangerFlag != null">
        DANGER_FLAG,
      </if>
      <if test="liquidFlag != null">
        LIQUID_FLAG,
      </if>
      <if test="privacyFlag != null">
        PRIVACY_FLAG,
      </if>
      <if test="dispatchType != null">
        DISPATCH_TYPE,
      </if>
      <if test="commodityGroup != null">
        COMMODITY_GROUP,
      </if>
      <if test="taxType != null">
        TAX_TYPE,
      </if>
      <if test="conserveEnergyFlag != null">
        CONSERVE_ENERGY_FLAG,
      </if>
      <if test="conserveEnergyPrice != null">
        CONSERVE_ENERGY_PRICE,
      </if>
      <if test="bookPrice != null">
        BOOK_PRICE,
      </if>
      <if test="bigCommodityFlag != null">
        BIG_COMMODITY_FLAG,
      </if>
      <if test="cityCode != null">
        CITY_CODE,
      </if>
      <if test="labelManage != null">
        LABEL_MANAGE,
      </if>
      <if test="importExportFlag != null">
        IMPORT_EXPORT_FLAG,
      </if>
      <if test="cardType != null">
        CARD_TYPE,
      </if>
      <if test="operator != null">
        OPERATOR,
      </if>
      <if test="districtCode != null">
        DISTRICT_CODE,
      </if>
      <if test="startNumber != null">
        START_NUMBER,
      </if>
      <if test="endNumber != null">
        END_NUMBER,
      </if>
      <if test="expirationDate != null">
        EXPIRATION_DATE,
      </if>
      <if test="packSize != null">
        PACK_SIZE,
      </if>
      <if test="serialManage != null">
        SERIAL_MANAGE,
      </if>
      <if test="goodsLifetime != null">
        GOODS_LIFETIME,
      </if>
      <if test="eapplianceType != null">
        EAPPLIANCE_TYPE,
      </if>
      <if test="eapplianceCategory != null">
        EAPPLIANCE_CATEGORY,
      </if>
      <if test="eapplianceBrand != null">
        EAPPLIANCE_BRAND,
      </if>
      <if test="eapplianceTaxType != null">
        EAPPLIANCE_TAX_TYPE,
      </if>
      <if test="commodityTime != null">
        COMMODITY_TIME,
      </if>
      <if test="updateFlag != null">
        UPDATE_FLAG,
      </if>
      <if test="ecommerceFlag != null">
        ECOMMERCE_FLAG,
      </if>
      <if test="oaCode != null">
        OA_CODE,
      </if>
      <if test="applyBranch != null">
        APPLY_BRANCH,
      </if>
      <if test="applyPerson != null">
        APPLY_PERSON,
      </if>
      <if test="makeType != null">
        MAKE_TYPE,
      </if>
      <if test="unused != null">
        UNUSED,
      </if>
      <if test="commodityStatus != null">
        COMMODITY_STATUS,
      </if>
      <if test="warrantyUpperLimit != null">
        WARRANTY_UPPER_LIMIT,
      </if>
      <if test="warrantyLowerLimit != null">
        WARRANTY_LOWER_LIMIT,
      </if>
      <if test="skuId != null">
        SKU_ID,
      </if>
      <if test="codeLevel != null">
        CODE_LEVEL,
      </if>
      <if test="sellingPoint != null">
        SELLING_POINT,
      </if>
      <if test="gifitFlag != null">
        GIFIT_FLAG,
      </if>
      <if test="batchSign != null">
        BATCH_SIGN,
      </if>
      <if test="attribute != null">
        ATTRIBUTE,
      </if>
      <if test="commodityShape != null">
        COMMODITY_SHAPE,
      </if>
      <if test="abcMark != null">
        ABC_MARK,
      </if>
      <if test="isRemoved != null">
        IS_REMOVED,
      </if>
    </trim>
    <trim prefix="values (" suffix=")" suffixOverrides=",">
      <if test="id != null">
        #{id,jdbcType=INTEGER},
      </if>
      <if test="commodityCode != null">
        #{commodityCode,jdbcType=VARCHAR},
      </if>
      <if test="commodityName != null">
        #{commodityName,jdbcType=VARCHAR},
      </if>
      <if test="commodityType != null">
        #{commodityType,jdbcType=VARCHAR},
      </if>
      <if test="commodityCategory != null">
        #{commodityCategory,jdbcType=VARCHAR},
      </if>
      <if test="brandCode != null">
        #{brandCode,jdbcType=VARCHAR},
      </if>
      <if test="model != null">
        #{model,jdbcType=VARCHAR},
      </if>
      <if test="storeCode != null">
        #{storeCode,jdbcType=VARCHAR},
      </if>
      <if test="unit != null">
        #{unit,jdbcType=VARCHAR},
      </if>
      <if test="assessCode != null">
        #{assessCode,jdbcType=VARCHAR},
      </if>
      <if test="manufacturer != null">
        #{manufacturer,jdbcType=VARCHAR},
      </if>
      <if test="originCountryCode != null">
        #{originCountryCode,jdbcType=VARCHAR},
      </if>
      <if test="originProvinceCode != null">
        #{originProvinceCode,jdbcType=VARCHAR},
      </if>
      <if test="originDesc != null">
        #{originDesc,jdbcType=VARCHAR},
      </if>
      <if test="weight != null">
        #{weight,jdbcType=VARCHAR},
      </if>
      <if test="length != null">
        #{length,jdbcType=VARCHAR},
      </if>
      <if test="wide != null">
        #{wide,jdbcType=VARCHAR},
      </if>
      <if test="high != null">
        #{high,jdbcType=VARCHAR},
      </if>
      <if test="upcCode != null">
        #{upcCode,jdbcType=VARCHAR},
      </if>
      <if test="mrpType != null">
        #{mrpType,jdbcType=VARCHAR},
      </if>
      <if test="orderPoint != null">
        #{orderPoint,jdbcType=VARCHAR},
      </if>
      <if test="secureStock != null">
        #{secureStock,jdbcType=VARCHAR},
      </if>
      <if test="maxStock != null">
        #{maxStock,jdbcType=VARCHAR},
      </if>
      <if test="predictionModelCode != null">
        #{predictionModelCode,jdbcType=VARCHAR},
      </if>
      <if test="periodCode != null">
        #{periodCode,jdbcType=VARCHAR},
      </if>
      <if test="batchFlag != null">
        #{batchFlag,jdbcType=VARCHAR},
      </if>
      <if test="validityPeriod != null">
        #{validityPeriod,jdbcType=VARCHAR},
      </if>
      <if test="stockoutWarn != null">
        #{stockoutWarn,jdbcType=VARCHAR},
      </if>
      <if test="unsalableWarn != null">
        #{unsalableWarn,jdbcType=VARCHAR},
      </if>
      <if test="priceControlCode != null">
        #{priceControlCode,jdbcType=VARCHAR},
      </if>
      <if test="removedFlag != null">
        #{removedFlag,jdbcType=VARCHAR},
      </if>
      <if test="integral != null">
        #{integral,jdbcType=VARCHAR},
      </if>
      <if test="mainParameter != null">
        #{mainParameter,jdbcType=VARCHAR},
      </if>
      <if test="minorParameter != null">
        #{minorParameter,jdbcType=VARCHAR},
      </if>
      <if test="lossFlag != null">
        #{lossFlag,jdbcType=VARCHAR},
      </if>
      <if test="installFlag != null">
        #{installFlag,jdbcType=VARCHAR},
      </if>
      <if test="openExamine != null">
        #{openExamine,jdbcType=VARCHAR},
      </if>
      <if test="gomeExclusive != null">
        #{gomeExclusive,jdbcType=VARCHAR},
      </if>
      <if test="invoice != null">
        #{invoice,jdbcType=VARCHAR},
      </if>
      <if test="freezeFlag != null">
        #{freezeFlag,jdbcType=VARCHAR},
      </if>
      <if test="skyEmbargo != null">
        #{skyEmbargo,jdbcType=VARCHAR},
      </if>
      <if test="temperature != null">
        #{temperature,jdbcType=VARCHAR},
      </if>
      <if test="valuableFlag != null">
        #{valuableFlag,jdbcType=VARCHAR},
      </if>
      <if test="dangerFlag != null">
        #{dangerFlag,jdbcType=VARCHAR},
      </if>
      <if test="liquidFlag != null">
        #{liquidFlag,jdbcType=VARCHAR},
      </if>
      <if test="privacyFlag != null">
        #{privacyFlag,jdbcType=VARCHAR},
      </if>
      <if test="dispatchType != null">
        #{dispatchType,jdbcType=VARCHAR},
      </if>
      <if test="commodityGroup != null">
        #{commodityGroup,jdbcType=VARCHAR},
      </if>
      <if test="taxType != null">
        #{taxType,jdbcType=VARCHAR},
      </if>
      <if test="conserveEnergyFlag != null">
        #{conserveEnergyFlag,jdbcType=VARCHAR},
      </if>
      <if test="conserveEnergyPrice != null">
        #{conserveEnergyPrice,jdbcType=VARCHAR},
      </if>
      <if test="bookPrice != null">
        #{bookPrice,jdbcType=VARCHAR},
      </if>
      <if test="bigCommodityFlag != null">
        #{bigCommodityFlag,jdbcType=VARCHAR},
      </if>
      <if test="cityCode != null">
        #{cityCode,jdbcType=VARCHAR},
      </if>
      <if test="labelManage != null">
        #{labelManage,jdbcType=VARCHAR},
      </if>
      <if test="importExportFlag != null">
        #{importExportFlag,jdbcType=VARCHAR},
      </if>
      <if test="cardType != null">
        #{cardType,jdbcType=VARCHAR},
      </if>
      <if test="operator != null">
        #{operator,jdbcType=VARCHAR},
      </if>
      <if test="districtCode != null">
        #{districtCode,jdbcType=VARCHAR},
      </if>
      <if test="startNumber != null">
        #{startNumber,jdbcType=VARCHAR},
      </if>
      <if test="endNumber != null">
        #{endNumber,jdbcType=VARCHAR},
      </if>
      <if test="expirationDate != null">
        #{expirationDate,jdbcType=INTEGER},
      </if>
      <if test="packSize != null">
        #{packSize,jdbcType=VARCHAR},
      </if>
      <if test="serialManage != null">
        #{serialManage,jdbcType=VARCHAR},
      </if>
      <if test="goodsLifetime != null">
        #{goodsLifetime,jdbcType=VARCHAR},
      </if>
      <if test="eapplianceType != null">
        #{eapplianceType,jdbcType=VARCHAR},
      </if>
      <if test="eapplianceCategory != null">
        #{eapplianceCategory,jdbcType=VARCHAR},
      </if>
      <if test="eapplianceBrand != null">
        #{eapplianceBrand,jdbcType=VARCHAR},
      </if>
      <if test="eapplianceTaxType != null">
        #{eapplianceTaxType,jdbcType=VARCHAR},
      </if>
      <if test="commodityTime != null">
        #{commodityTime,jdbcType=TIMESTAMP},
      </if>
      <if test="updateFlag != null">
        #{updateFlag,jdbcType=VARCHAR},
      </if>
      <if test="ecommerceFlag != null">
        #{ecommerceFlag,jdbcType=VARCHAR},
      </if>
      <if test="oaCode != null">
        #{oaCode,jdbcType=VARCHAR},
      </if>
      <if test="applyBranch != null">
        #{applyBranch,jdbcType=VARCHAR},
      </if>
      <if test="applyPerson != null">
        #{applyPerson,jdbcType=VARCHAR},
      </if>
      <if test="makeType != null">
        #{makeType,jdbcType=VARCHAR},
      </if>
      <if test="unused != null">
        #{unused,jdbcType=VARCHAR},
      </if>
      <if test="commodityStatus != null">
        #{commodityStatus,jdbcType=VARCHAR},
      </if>
      <if test="warrantyUpperLimit != null">
        #{warrantyUpperLimit,jdbcType=VARCHAR},
      </if>
      <if test="warrantyLowerLimit != null">
        #{warrantyLowerLimit,jdbcType=VARCHAR},
      </if>
      <if test="skuId != null">
        #{skuId,jdbcType=VARCHAR},
      </if>
      <if test="codeLevel != null">
        #{codeLevel,jdbcType=VARCHAR},
      </if>
      <if test="sellingPoint != null">
        #{sellingPoint,jdbcType=VARCHAR},
      </if>
      <if test="gifitFlag != null">
        #{gifitFlag,jdbcType=VARCHAR},
      </if>
      <if test="batchSign != null">
        #{batchSign,jdbcType=VARCHAR},
      </if>
      <if test="attribute != null">
        #{attribute,jdbcType=VARCHAR},
      </if>
      <if test="commodityShape != null">
        #{commodityShape,jdbcType=VARCHAR},
      </if>
      <if test="abcMark != null">
        #{abcMark,jdbcType=VARCHAR},
      </if>
      <if test="isRemoved != null">
        #{isRemoved,jdbcType=VARCHAR},
      </if>
    </trim>
  </insert>
  <update id="updateByPrimaryKeySelective" parameterType="com.gome.scs.scsservice.emp.entity.MdEcommerceCommodity">
    update md_ecommerce_commodity
    <set>
      <if test="commodityCode != null">
        COMMODITY_CODE = #{commodityCode,jdbcType=VARCHAR},
      </if>
      <if test="commodityName != null">
        COMMODITY_NAME = #{commodityName,jdbcType=VARCHAR},
      </if>
      <if test="commodityType != null">
        COMMODITY_TYPE = #{commodityType,jdbcType=VARCHAR},
      </if>
      <if test="commodityCategory != null">
        COMMODITY_CATEGORY = #{commodityCategory,jdbcType=VARCHAR},
      </if>
      <if test="brandCode != null">
        BRAND_CODE = #{brandCode,jdbcType=VARCHAR},
      </if>
      <if test="model != null">
        MODEL = #{model,jdbcType=VARCHAR},
      </if>
      <if test="storeCode != null">
        STORE_CODE = #{storeCode,jdbcType=VARCHAR},
      </if>
      <if test="unit != null">
        UNIT = #{unit,jdbcType=VARCHAR},
      </if>
      <if test="assessCode != null">
        ASSESS_CODE = #{assessCode,jdbcType=VARCHAR},
      </if>
      <if test="manufacturer != null">
        MANUFACTURER = #{manufacturer,jdbcType=VARCHAR},
      </if>
      <if test="originCountryCode != null">
        ORIGIN_COUNTRY_CODE = #{originCountryCode,jdbcType=VARCHAR},
      </if>
      <if test="originProvinceCode != null">
        ORIGIN_PROVINCE_CODE = #{originProvinceCode,jdbcType=VARCHAR},
      </if>
      <if test="originDesc != null">
        ORIGIN_DESC = #{originDesc,jdbcType=VARCHAR},
      </if>
      <if test="weight != null">
        WEIGHT = #{weight,jdbcType=VARCHAR},
      </if>
      <if test="length != null">
        LENGTH = #{length,jdbcType=VARCHAR},
      </if>
      <if test="wide != null">
        WIDE = #{wide,jdbcType=VARCHAR},
      </if>
      <if test="high != null">
        HIGH = #{high,jdbcType=VARCHAR},
      </if>
      <if test="upcCode != null">
        UPC_CODE = #{upcCode,jdbcType=VARCHAR},
      </if>
      <if test="mrpType != null">
        MRP_TYPE = #{mrpType,jdbcType=VARCHAR},
      </if>
      <if test="orderPoint != null">
        ORDER_POINT = #{orderPoint,jdbcType=VARCHAR},
      </if>
      <if test="secureStock != null">
        SECURE_STOCK = #{secureStock,jdbcType=VARCHAR},
      </if>
      <if test="maxStock != null">
        MAX_STOCK = #{maxStock,jdbcType=VARCHAR},
      </if>
      <if test="predictionModelCode != null">
        PREDICTION_MODEL_CODE = #{predictionModelCode,jdbcType=VARCHAR},
      </if>
      <if test="periodCode != null">
        PERIOD_CODE = #{periodCode,jdbcType=VARCHAR},
      </if>
      <if test="batchFlag != null">
        BATCH_FLAG = #{batchFlag,jdbcType=VARCHAR},
      </if>
      <if test="validityPeriod != null">
        VALIDITY_PERIOD = #{validityPeriod,jdbcType=VARCHAR},
      </if>
      <if test="stockoutWarn != null">
        STOCKOUT_WARN = #{stockoutWarn,jdbcType=VARCHAR},
      </if>
      <if test="unsalableWarn != null">
        UNSALABLE_WARN = #{unsalableWarn,jdbcType=VARCHAR},
      </if>
      <if test="priceControlCode != null">
        PRICE_CONTROL_CODE = #{priceControlCode,jdbcType=VARCHAR},
      </if>
      <if test="removedFlag != null">
        REMOVED_FLAG = #{removedFlag,jdbcType=VARCHAR},
      </if>
      <if test="integral != null">
        INTEGRAL = #{integral,jdbcType=VARCHAR},
      </if>
      <if test="mainParameter != null">
        MAIN_PARAMETER = #{mainParameter,jdbcType=VARCHAR},
      </if>
      <if test="minorParameter != null">
        MINOR_PARAMETER = #{minorParameter,jdbcType=VARCHAR},
      </if>
      <if test="lossFlag != null">
        LOSS_FLAG = #{lossFlag,jdbcType=VARCHAR},
      </if>
      <if test="installFlag != null">
        INSTALL_FLAG = #{installFlag,jdbcType=VARCHAR},
      </if>
      <if test="openExamine != null">
        OPEN_EXAMINE = #{openExamine,jdbcType=VARCHAR},
      </if>
      <if test="gomeExclusive != null">
        GOME_EXCLUSIVE = #{gomeExclusive,jdbcType=VARCHAR},
      </if>
      <if test="invoice != null">
        INVOICE = #{invoice,jdbcType=VARCHAR},
      </if>
      <if test="freezeFlag != null">
        FREEZE_FLAG = #{freezeFlag,jdbcType=VARCHAR},
      </if>
      <if test="skyEmbargo != null">
        SKY_EMBARGO = #{skyEmbargo,jdbcType=VARCHAR},
      </if>
      <if test="temperature != null">
        TEMPERATURE = #{temperature,jdbcType=VARCHAR},
      </if>
      <if test="valuableFlag != null">
        VALUABLE_FLAG = #{valuableFlag,jdbcType=VARCHAR},
      </if>
      <if test="dangerFlag != null">
        DANGER_FLAG = #{dangerFlag,jdbcType=VARCHAR},
      </if>
      <if test="liquidFlag != null">
        LIQUID_FLAG = #{liquidFlag,jdbcType=VARCHAR},
      </if>
      <if test="privacyFlag != null">
        PRIVACY_FLAG = #{privacyFlag,jdbcType=VARCHAR},
      </if>
      <if test="dispatchType != null">
        DISPATCH_TYPE = #{dispatchType,jdbcType=VARCHAR},
      </if>
      <if test="commodityGroup != null">
        COMMODITY_GROUP = #{commodityGroup,jdbcType=VARCHAR},
      </if>
      <if test="taxType != null">
        TAX_TYPE = #{taxType,jdbcType=VARCHAR},
      </if>
      <if test="conserveEnergyFlag != null">
        CONSERVE_ENERGY_FLAG = #{conserveEnergyFlag,jdbcType=VARCHAR},
      </if>
      <if test="conserveEnergyPrice != null">
        CONSERVE_ENERGY_PRICE = #{conserveEnergyPrice,jdbcType=VARCHAR},
      </if>
      <if test="bookPrice != null">
        BOOK_PRICE = #{bookPrice,jdbcType=VARCHAR},
      </if>
      <if test="bigCommodityFlag != null">
        BIG_COMMODITY_FLAG = #{bigCommodityFlag,jdbcType=VARCHAR},
      </if>
      <if test="cityCode != null">
        CITY_CODE = #{cityCode,jdbcType=VARCHAR},
      </if>
      <if test="labelManage != null">
        LABEL_MANAGE = #{labelManage,jdbcType=VARCHAR},
      </if>
      <if test="importExportFlag != null">
        IMPORT_EXPORT_FLAG = #{importExportFlag,jdbcType=VARCHAR},
      </if>
      <if test="cardType != null">
        CARD_TYPE = #{cardType,jdbcType=VARCHAR},
      </if>
      <if test="operator != null">
        OPERATOR = #{operator,jdbcType=VARCHAR},
      </if>
      <if test="districtCode != null">
        DISTRICT_CODE = #{districtCode,jdbcType=VARCHAR},
      </if>
      <if test="startNumber != null">
        START_NUMBER = #{startNumber,jdbcType=VARCHAR},
      </if>
      <if test="endNumber != null">
        END_NUMBER = #{endNumber,jdbcType=VARCHAR},
      </if>
      <if test="expirationDate != null">
        EXPIRATION_DATE = #{expirationDate,jdbcType=INTEGER},
      </if>
      <if test="packSize != null">
        PACK_SIZE = #{packSize,jdbcType=VARCHAR},
      </if>
      <if test="serialManage != null">
        SERIAL_MANAGE = #{serialManage,jdbcType=VARCHAR},
      </if>
      <if test="goodsLifetime != null">
        GOODS_LIFETIME = #{goodsLifetime,jdbcType=VARCHAR},
      </if>
      <if test="eapplianceType != null">
        EAPPLIANCE_TYPE = #{eapplianceType,jdbcType=VARCHAR},
      </if>
      <if test="eapplianceCategory != null">
        EAPPLIANCE_CATEGORY = #{eapplianceCategory,jdbcType=VARCHAR},
      </if>
      <if test="eapplianceBrand != null">
        EAPPLIANCE_BRAND = #{eapplianceBrand,jdbcType=VARCHAR},
      </if>
      <if test="eapplianceTaxType != null">
        EAPPLIANCE_TAX_TYPE = #{eapplianceTaxType,jdbcType=VARCHAR},
      </if>
      <if test="commodityTime != null">
        COMMODITY_TIME = #{commodityTime,jdbcType=TIMESTAMP},
      </if>
      <if test="updateFlag != null">
        UPDATE_FLAG = #{updateFlag,jdbcType=VARCHAR},
      </if>
      <if test="ecommerceFlag != null">
        ECOMMERCE_FLAG = #{ecommerceFlag,jdbcType=VARCHAR},
      </if>
      <if test="oaCode != null">
        OA_CODE = #{oaCode,jdbcType=VARCHAR},
      </if>
      <if test="applyBranch != null">
        APPLY_BRANCH = #{applyBranch,jdbcType=VARCHAR},
      </if>
      <if test="applyPerson != null">
        APPLY_PERSON = #{applyPerson,jdbcType=VARCHAR},
      </if>
      <if test="makeType != null">
        MAKE_TYPE = #{makeType,jdbcType=VARCHAR},
      </if>
      <if test="unused != null">
        UNUSED = #{unused,jdbcType=VARCHAR},
      </if>
      <if test="commodityStatus != null">
        COMMODITY_STATUS = #{commodityStatus,jdbcType=VARCHAR},
      </if>
      <if test="warrantyUpperLimit != null">
        WARRANTY_UPPER_LIMIT = #{warrantyUpperLimit,jdbcType=VARCHAR},
      </if>
      <if test="warrantyLowerLimit != null">
        WARRANTY_LOWER_LIMIT = #{warrantyLowerLimit,jdbcType=VARCHAR},
      </if>
      <if test="skuId != null">
        SKU_ID = #{skuId,jdbcType=VARCHAR},
      </if>
      <if test="codeLevel != null">
        CODE_LEVEL = #{codeLevel,jdbcType=VARCHAR},
      </if>
      <if test="sellingPoint != null">
        SELLING_POINT = #{sellingPoint,jdbcType=VARCHAR},
      </if>
      <if test="gifitFlag != null">
        GIFIT_FLAG = #{gifitFlag,jdbcType=VARCHAR},
      </if>
      <if test="batchSign != null">
        BATCH_SIGN = #{batchSign,jdbcType=VARCHAR},
      </if>
      <if test="attribute != null">
        ATTRIBUTE = #{attribute,jdbcType=VARCHAR},
      </if>
      <if test="commodityShape != null">
        COMMODITY_SHAPE = #{commodityShape,jdbcType=VARCHAR},
      </if>
      <if test="abcMark != null">
        ABC_MARK = #{abcMark,jdbcType=VARCHAR},
      </if>
      <if test="isRemoved != null">
        IS_REMOVED = #{isRemoved,jdbcType=VARCHAR},
      </if>
    </set>
    where ID = #{id,jdbcType=INTEGER}
  </update>
  <update id="updateByPrimaryKey" parameterType="com.gome.scs.scsservice.emp.entity.MdEcommerceCommodity">
    update md_ecommerce_commodity
    set COMMODITY_CODE = #{commodityCode,jdbcType=VARCHAR},
      COMMODITY_NAME = #{commodityName,jdbcType=VARCHAR},
      COMMODITY_TYPE = #{commodityType,jdbcType=VARCHAR},
      COMMODITY_CATEGORY = #{commodityCategory,jdbcType=VARCHAR},
      BRAND_CODE = #{brandCode,jdbcType=VARCHAR},
      MODEL = #{model,jdbcType=VARCHAR},
      STORE_CODE = #{storeCode,jdbcType=VARCHAR},
      UNIT = #{unit,jdbcType=VARCHAR},
      ASSESS_CODE = #{assessCode,jdbcType=VARCHAR},
      MANUFACTURER = #{manufacturer,jdbcType=VARCHAR},
      ORIGIN_COUNTRY_CODE = #{originCountryCode,jdbcType=VARCHAR},
      ORIGIN_PROVINCE_CODE = #{originProvinceCode,jdbcType=VARCHAR},
      ORIGIN_DESC = #{originDesc,jdbcType=VARCHAR},
      WEIGHT = #{weight,jdbcType=VARCHAR},
      LENGTH = #{length,jdbcType=VARCHAR},
      WIDE = #{wide,jdbcType=VARCHAR},
      HIGH = #{high,jdbcType=VARCHAR},
      UPC_CODE = #{upcCode,jdbcType=VARCHAR},
      MRP_TYPE = #{mrpType,jdbcType=VARCHAR},
      ORDER_POINT = #{orderPoint,jdbcType=VARCHAR},
      SECURE_STOCK = #{secureStock,jdbcType=VARCHAR},
      MAX_STOCK = #{maxStock,jdbcType=VARCHAR},
      PREDICTION_MODEL_CODE = #{predictionModelCode,jdbcType=VARCHAR},
      PERIOD_CODE = #{periodCode,jdbcType=VARCHAR},
      BATCH_FLAG = #{batchFlag,jdbcType=VARCHAR},
      VALIDITY_PERIOD = #{validityPeriod,jdbcType=VARCHAR},
      STOCKOUT_WARN = #{stockoutWarn,jdbcType=VARCHAR},
      UNSALABLE_WARN = #{unsalableWarn,jdbcType=VARCHAR},
      PRICE_CONTROL_CODE = #{priceControlCode,jdbcType=VARCHAR},
      REMOVED_FLAG = #{removedFlag,jdbcType=VARCHAR},
      INTEGRAL = #{integral,jdbcType=VARCHAR},
      MAIN_PARAMETER = #{mainParameter,jdbcType=VARCHAR},
      MINOR_PARAMETER = #{minorParameter,jdbcType=VARCHAR},
      LOSS_FLAG = #{lossFlag,jdbcType=VARCHAR},
      INSTALL_FLAG = #{installFlag,jdbcType=VARCHAR},
      OPEN_EXAMINE = #{openExamine,jdbcType=VARCHAR},
      GOME_EXCLUSIVE = #{gomeExclusive,jdbcType=VARCHAR},
      INVOICE = #{invoice,jdbcType=VARCHAR},
      FREEZE_FLAG = #{freezeFlag,jdbcType=VARCHAR},
      SKY_EMBARGO = #{skyEmbargo,jdbcType=VARCHAR},
      TEMPERATURE = #{temperature,jdbcType=VARCHAR},
      VALUABLE_FLAG = #{valuableFlag,jdbcType=VARCHAR},
      DANGER_FLAG = #{dangerFlag,jdbcType=VARCHAR},
      LIQUID_FLAG = #{liquidFlag,jdbcType=VARCHAR},
      PRIVACY_FLAG = #{privacyFlag,jdbcType=VARCHAR},
      DISPATCH_TYPE = #{dispatchType,jdbcType=VARCHAR},
      COMMODITY_GROUP = #{commodityGroup,jdbcType=VARCHAR},
      TAX_TYPE = #{taxType,jdbcType=VARCHAR},
      CONSERVE_ENERGY_FLAG = #{conserveEnergyFlag,jdbcType=VARCHAR},
      CONSERVE_ENERGY_PRICE = #{conserveEnergyPrice,jdbcType=VARCHAR},
      BOOK_PRICE = #{bookPrice,jdbcType=VARCHAR},
      BIG_COMMODITY_FLAG = #{bigCommodityFlag,jdbcType=VARCHAR},
      CITY_CODE = #{cityCode,jdbcType=VARCHAR},
      LABEL_MANAGE = #{labelManage,jdbcType=VARCHAR},
      IMPORT_EXPORT_FLAG = #{importExportFlag,jdbcType=VARCHAR},
      CARD_TYPE = #{cardType,jdbcType=VARCHAR},
      OPERATOR = #{operator,jdbcType=VARCHAR},
      DISTRICT_CODE = #{districtCode,jdbcType=VARCHAR},
      START_NUMBER = #{startNumber,jdbcType=VARCHAR},
      END_NUMBER = #{endNumber,jdbcType=VARCHAR},
      EXPIRATION_DATE = #{expirationDate,jdbcType=INTEGER},
      PACK_SIZE = #{packSize,jdbcType=VARCHAR},
      SERIAL_MANAGE = #{serialManage,jdbcType=VARCHAR},
      GOODS_LIFETIME = #{goodsLifetime,jdbcType=VARCHAR},
      EAPPLIANCE_TYPE = #{eapplianceType,jdbcType=VARCHAR},
      EAPPLIANCE_CATEGORY = #{eapplianceCategory,jdbcType=VARCHAR},
      EAPPLIANCE_BRAND = #{eapplianceBrand,jdbcType=VARCHAR},
      EAPPLIANCE_TAX_TYPE = #{eapplianceTaxType,jdbcType=VARCHAR},
      COMMODITY_TIME = #{commodityTime,jdbcType=TIMESTAMP},
      UPDATE_FLAG = #{updateFlag,jdbcType=VARCHAR},
      ECOMMERCE_FLAG = #{ecommerceFlag,jdbcType=VARCHAR},
      OA_CODE = #{oaCode,jdbcType=VARCHAR},
      APPLY_BRANCH = #{applyBranch,jdbcType=VARCHAR},
      APPLY_PERSON = #{applyPerson,jdbcType=VARCHAR},
      MAKE_TYPE = #{makeType,jdbcType=VARCHAR},
      UNUSED = #{unused,jdbcType=VARCHAR},
      COMMODITY_STATUS = #{commodityStatus,jdbcType=VARCHAR},
      WARRANTY_UPPER_LIMIT = #{warrantyUpperLimit,jdbcType=VARCHAR},
      WARRANTY_LOWER_LIMIT = #{warrantyLowerLimit,jdbcType=VARCHAR},
      SKU_ID = #{skuId,jdbcType=VARCHAR},
      CODE_LEVEL = #{codeLevel,jdbcType=VARCHAR},
      SELLING_POINT = #{sellingPoint,jdbcType=VARCHAR},
      GIFIT_FLAG = #{gifitFlag,jdbcType=VARCHAR},
      BATCH_SIGN = #{batchSign,jdbcType=VARCHAR},
      ATTRIBUTE = #{attribute,jdbcType=VARCHAR},
      COMMODITY_SHAPE = #{commodityShape,jdbcType=VARCHAR},
      ABC_MARK = #{abcMark,jdbcType=VARCHAR},
      IS_REMOVED = #{isRemoved,jdbcType=VARCHAR}
    where ID = #{id,jdbcType=INTEGER}
  </update>
</mapper>