<?xml version="1.0" encoding="UTF-8"?>
<!DOCTYPE mapper PUBLIC "-//mybatis.org//DTD Mapper 3.0//EN" "http://mybatis.org/dtd/mybatis-3-mapper.dtd">
<mapper namespace="com.gome.scs.scsservice.emp.mapper.MdEcCommodityPropertyMapper">
  <resultMap id="BaseResultMap" type="com.gome.scs.scsservice.emp.entity.MdEcCommodityProperty">
    <id column="ID" jdbcType="INTEGER" property="id" />
    <result column="COMMODITY_CODE" jdbcType="VARCHAR" property="commodityCode" />
    <result column="PROPERTY_CODE" jdbcType="VARCHAR" property="propertyCode" />
    <result column="PROPERTY_VALUE" jdbcType="VARCHAR" property="propertyValue" />
    <result column="PROPERTY_DESCRIPTION" jdbcType="VARCHAR" property="propertyDescription" />
    <result column="IS_REMOVED" jdbcType="VARCHAR" property="isRemoved" />
  </resultMap>
  <sql id="Base_Column_List">
    ID, COMMODITY_CODE, PROPERTY_CODE, PROPERTY_VALUE, PROPERTY_DESCRIPTION, IS_REMOVED
  </sql>
  <select id="selectByPrimaryKey" parameterType="java.lang.Integer" resultMap="BaseResultMap">
    select 
    <include refid="Base_Column_List" />
    from md_ec_commodity_property
    where ID = #{id,jdbcType=INTEGER}
  </select>
  <delete id="deleteByPrimaryKey" parameterType="java.lang.Integer">
    delete from md_ec_commodity_property
    where ID = #{id,jdbcType=INTEGER}
  </delete>
  <insert id="insert" parameterType="com.gome.scs.scsservice.emp.entity.MdEcCommodityProperty">
    insert into md_ec_commodity_property (ID, COMMODITY_CODE, PROPERTY_CODE, 
      PROPERTY_VALUE, PROPERTY_DESCRIPTION, IS_REMOVED
      )
    values (#{id,jdbcType=INTEGER}, #{commodityCode,jdbcType=VARCHAR}, #{propertyCode,jdbcType=VARCHAR}, 
      #{propertyValue,jdbcType=VARCHAR}, #{propertyDescription,jdbcType=VARCHAR}, #{isRemoved,jdbcType=VARCHAR}
      )
  </insert>
  <insert id="insertSelective" parameterType="com.gome.scs.scsservice.emp.entity.MdEcCommodityProperty">
    insert into md_ec_commodity_property
    <trim prefix="(" suffix=")" suffixOverrides=",">
      <if test="id != null">
        ID,
      </if>
      <if test="commodityCode != null">
        COMMODITY_CODE,
      </if>
      <if test="propertyCode != null">
        PROPERTY_CODE,
      </if>
      <if test="propertyValue != null">
        PROPERTY_VALUE,
      </if>
      <if test="propertyDescription != null">
        PROPERTY_DESCRIPTION,
      </if>
      <if test="isRemoved != null">
        IS_REMOVED,
      </if>
    </trim>
    <trim prefix="values (" suffix=")" suffixOverrides=",">
      <if test="id != null">
        #{id,jdbcType=INTEGER},
      </if>
      <if test="commodityCode != null">
        #{commodityCode,jdbcType=VARCHAR},
      </if>
      <if test="propertyCode != null">
        #{propertyCode,jdbcType=VARCHAR},
      </if>
      <if test="propertyValue != null">
        #{propertyValue,jdbcType=VARCHAR},
      </if>
      <if test="propertyDescription != null">
        #{propertyDescription,jdbcType=VARCHAR},
      </if>
      <if test="isRemoved != null">
        #{isRemoved,jdbcType=VARCHAR},
      </if>
    </trim>
  </insert>
  <update id="updateByPrimaryKeySelective" parameterType="com.gome.scs.scsservice.emp.entity.MdEcCommodityProperty">
    update md_ec_commodity_property
    <set>
      <if test="commodityCode != null">
        COMMODITY_CODE = #{commodityCode,jdbcType=VARCHAR},
      </if>
      <if test="propertyCode != null">
        PROPERTY_CODE = #{propertyCode,jdbcType=VARCHAR},
      </if>
      <if test="propertyValue != null">
        PROPERTY_VALUE = #{propertyValue,jdbcType=VARCHAR},
      </if>
      <if test="propertyDescription != null">
        PROPERTY_DESCRIPTION = #{propertyDescription,jdbcType=VARCHAR},
      </if>
      <if test="isRemoved != null">
        IS_REMOVED = #{isRemoved,jdbcType=VARCHAR},
      </if>
    </set>
    where ID = #{id,jdbcType=INTEGER}
  </update>
  <update id="updateByPrimaryKey" parameterType="com.gome.scs.scsservice.emp.entity.MdEcCommodityProperty">
    update md_ec_commodity_property
    set COMMODITY_CODE = #{commodityCode,jdbcType=VARCHAR},
      PROPERTY_CODE = #{propertyCode,jdbcType=VARCHAR},
      PROPERTY_VALUE = #{propertyValue,jdbcType=VARCHAR},
      PROPERTY_DESCRIPTION = #{propertyDescription,jdbcType=VARCHAR},
      IS_REMOVED = #{isRemoved,jdbcType=VARCHAR}
    where ID = #{id,jdbcType=INTEGER}
  </update>
</mapper>