<?xml version="1.0" encoding="UTF-8"?>
<!DOCTYPE mapper PUBLIC "-//mybatis.org//DTD Mapper 3.0//EN" "http://mybatis.org/dtd/mybatis-3-mapper.dtd">
<mapper namespace="com.gome.scs.scsservice.emp.mapper.MdInformationRecordMapper">
  <resultMap id="BaseResultMap" type="com.gome.scs.scsservice.emp.entity.MdInformationRecord">
    <id column="ID" jdbcType="INTEGER" property="id" />
    <result column="APPLICATION" jdbcType="VARCHAR" property="application" />
    <result column="CONDITION_TYPE" jdbcType="VARCHAR" property="conditionType" />
    <result column="SUPP_TYPE_CODE" jdbcType="VARCHAR" property="suppTypeCode" />
    <result column="SKU_CODE" jdbcType="VARCHAR" property="skuCode" />
    <result column="BUYORG_CODE" jdbcType="VARCHAR" property="buyorgCode" />
    <result column="BUY_RECORD_TYPE" jdbcType="VARCHAR" property="buyRecordType" />
    <result column="CONDITION_EFFECT_END_DATE" jdbcType="DATE" property="conditionEffectEndDate" />
    <result column="CONDITION_EFFECT_START_DATE" jdbcType="DATE" property="conditionEffectStartDate" />
    <result column="CONDITION_RECORD_CODE" jdbcType="VARCHAR" property="conditionRecordCode" />
    <result column="CONDITION_CODE" jdbcType="VARCHAR" property="conditionCode" />
    <result column="CONDITION_CALCULATE_TYPE" jdbcType="VARCHAR" property="conditionCalculateType" />
    <result column="PRICE" jdbcType="DECIMAL" property="price" />
    <result column="RATE_TYPE" jdbcType="VARCHAR" property="rateType" />
    <result column="APPROVE_STATUS" jdbcType="VARCHAR" property="approveStatus" />
    <result column="CONTRACT_CODE" jdbcType="VARCHAR" property="contractCode" />
    <result column="IS_REMOVED" jdbcType="VARCHAR" property="isRemoved" />
    <result column="REMOVED_MARK" jdbcType="VARCHAR" property="removedMark" />
  </resultMap>
  <sql id="Base_Column_List">
    ID, APPLICATION, CONDITION_TYPE, SUPP_TYPE_CODE, SKU_CODE, BUYORG_CODE, BUY_RECORD_TYPE, 
    CONDITION_EFFECT_END_DATE, CONDITION_EFFECT_START_DATE, CONDITION_RECORD_CODE, CONDITION_CODE, 
    CONDITION_CALCULATE_TYPE, PRICE, RATE_TYPE, APPROVE_STATUS, CONTRACT_CODE, IS_REMOVED, 
    REMOVED_MARK
  </sql>
  <select id="selectByPrimaryKey" parameterType="java.lang.Integer" resultMap="BaseResultMap">
    select 
    <include refid="Base_Column_List" />
    from md_information_record
    where ID = #{id,jdbcType=INTEGER}
  </select>
  <delete id="deleteByPrimaryKey" parameterType="java.lang.Integer">
    delete from md_information_record
    where ID = #{id,jdbcType=INTEGER}
  </delete>
  <insert id="insert" parameterType="com.gome.scs.scsservice.emp.entity.MdInformationRecord">
    insert into md_information_record (ID, APPLICATION, CONDITION_TYPE, 
      SUPP_TYPE_CODE, SKU_CODE, BUYORG_CODE, 
      BUY_RECORD_TYPE, CONDITION_EFFECT_END_DATE, CONDITION_EFFECT_START_DATE, 
      CONDITION_RECORD_CODE, CONDITION_CODE, CONDITION_CALCULATE_TYPE, 
      PRICE, RATE_TYPE, APPROVE_STATUS, 
      CONTRACT_CODE, IS_REMOVED, REMOVED_MARK
      )
    values (#{id,jdbcType=INTEGER}, #{application,jdbcType=VARCHAR}, #{conditionType,jdbcType=VARCHAR}, 
      #{suppTypeCode,jdbcType=VARCHAR}, #{skuCode,jdbcType=VARCHAR}, #{buyorgCode,jdbcType=VARCHAR}, 
      #{buyRecordType,jdbcType=VARCHAR}, #{conditionEffectEndDate,jdbcType=DATE}, #{conditionEffectStartDate,jdbcType=DATE}, 
      #{conditionRecordCode,jdbcType=VARCHAR}, #{conditionCode,jdbcType=VARCHAR}, #{conditionCalculateType,jdbcType=VARCHAR}, 
      #{price,jdbcType=DECIMAL}, #{rateType,jdbcType=VARCHAR}, #{approveStatus,jdbcType=VARCHAR}, 
      #{contractCode,jdbcType=VARCHAR}, #{isRemoved,jdbcType=VARCHAR}, #{removedMark,jdbcType=VARCHAR}
      )
  </insert>
  <insert id="insertSelective" parameterType="com.gome.scs.scsservice.emp.entity.MdInformationRecord">
    insert into md_information_record
    <trim prefix="(" suffix=")" suffixOverrides=",">
      <if test="id != null">
        ID,
      </if>
      <if test="application != null">
        APPLICATION,
      </if>
      <if test="conditionType != null">
        CONDITION_TYPE,
      </if>
      <if test="suppTypeCode != null">
        SUPP_TYPE_CODE,
      </if>
      <if test="skuCode != null">
        SKU_CODE,
      </if>
      <if test="buyorgCode != null">
        BUYORG_CODE,
      </if>
      <if test="buyRecordType != null">
        BUY_RECORD_TYPE,
      </if>
      <if test="conditionEffectEndDate != null">
        CONDITION_EFFECT_END_DATE,
      </if>
      <if test="conditionEffectStartDate != null">
        CONDITION_EFFECT_START_DATE,
      </if>
      <if test="conditionRecordCode != null">
        CONDITION_RECORD_CODE,
      </if>
      <if test="conditionCode != null">
        CONDITION_CODE,
      </if>
      <if test="conditionCalculateType != null">
        CONDITION_CALCULATE_TYPE,
      </if>
      <if test="price != null">
        PRICE,
      </if>
      <if test="rateType != null">
        RATE_TYPE,
      </if>
      <if test="approveStatus != null">
        APPROVE_STATUS,
      </if>
      <if test="contractCode != null">
        CONTRACT_CODE,
      </if>
      <if test="isRemoved != null">
        IS_REMOVED,
      </if>
      <if test="removedMark != null">
        REMOVED_MARK,
      </if>
    </trim>
    <trim prefix="values (" suffix=")" suffixOverrides=",">
      <if test="id != null">
        #{id,jdbcType=INTEGER},
      </if>
      <if test="application != null">
        #{application,jdbcType=VARCHAR},
      </if>
      <if test="conditionType != null">
        #{conditionType,jdbcType=VARCHAR},
      </if>
      <if test="suppTypeCode != null">
        #{suppTypeCode,jdbcType=VARCHAR},
      </if>
      <if test="skuCode != null">
        #{skuCode,jdbcType=VARCHAR},
      </if>
      <if test="buyorgCode != null">
        #{buyorgCode,jdbcType=VARCHAR},
      </if>
      <if test="buyRecordType != null">
        #{buyRecordType,jdbcType=VARCHAR},
      </if>
      <if test="conditionEffectEndDate != null">
        #{conditionEffectEndDate,jdbcType=DATE},
      </if>
      <if test="conditionEffectStartDate != null">
        #{conditionEffectStartDate,jdbcType=DATE},
      </if>
      <if test="conditionRecordCode != null">
        #{conditionRecordCode,jdbcType=VARCHAR},
      </if>
      <if test="conditionCode != null">
        #{conditionCode,jdbcType=VARCHAR},
      </if>
      <if test="conditionCalculateType != null">
        #{conditionCalculateType,jdbcType=VARCHAR},
      </if>
      <if test="price != null">
        #{price,jdbcType=DECIMAL},
      </if>
      <if test="rateType != null">
        #{rateType,jdbcType=VARCHAR},
      </if>
      <if test="approveStatus != null">
        #{approveStatus,jdbcType=VARCHAR},
      </if>
      <if test="contractCode != null">
        #{contractCode,jdbcType=VARCHAR},
      </if>
      <if test="isRemoved != null">
        #{isRemoved,jdbcType=VARCHAR},
      </if>
      <if test="removedMark != null">
        #{removedMark,jdbcType=VARCHAR},
      </if>
    </trim>
  </insert>
  <update id="updateByPrimaryKeySelective" parameterType="com.gome.scs.scsservice.emp.entity.MdInformationRecord">
    update md_information_record
    <set>
      <if test="application != null">
        APPLICATION = #{application,jdbcType=VARCHAR},
      </if>
      <if test="conditionType != null">
        CONDITION_TYPE = #{conditionType,jdbcType=VARCHAR},
      </if>
      <if test="suppTypeCode != null">
        SUPP_TYPE_CODE = #{suppTypeCode,jdbcType=VARCHAR},
      </if>
      <if test="skuCode != null">
        SKU_CODE = #{skuCode,jdbcType=VARCHAR},
      </if>
      <if test="buyorgCode != null">
        BUYORG_CODE = #{buyorgCode,jdbcType=VARCHAR},
      </if>
      <if test="buyRecordType != null">
        BUY_RECORD_TYPE = #{buyRecordType,jdbcType=VARCHAR},
      </if>
      <if test="conditionEffectEndDate != null">
        CONDITION_EFFECT_END_DATE = #{conditionEffectEndDate,jdbcType=DATE},
      </if>
      <if test="conditionEffectStartDate != null">
        CONDITION_EFFECT_START_DATE = #{conditionEffectStartDate,jdbcType=DATE},
      </if>
      <if test="conditionRecordCode != null">
        CONDITION_RECORD_CODE = #{conditionRecordCode,jdbcType=VARCHAR},
      </if>
      <if test="conditionCode != null">
        CONDITION_CODE = #{conditionCode,jdbcType=VARCHAR},
      </if>
      <if test="conditionCalculateType != null">
        CONDITION_CALCULATE_TYPE = #{conditionCalculateType,jdbcType=VARCHAR},
      </if>
      <if test="price != null">
        PRICE = #{price,jdbcType=DECIMAL},
      </if>
      <if test="rateType != null">
        RATE_TYPE = #{rateType,jdbcType=VARCHAR},
      </if>
      <if test="approveStatus != null">
        APPROVE_STATUS = #{approveStatus,jdbcType=VARCHAR},
      </if>
      <if test="contractCode != null">
        CONTRACT_CODE = #{contractCode,jdbcType=VARCHAR},
      </if>
      <if test="isRemoved != null">
        IS_REMOVED = #{isRemoved,jdbcType=VARCHAR},
      </if>
      <if test="removedMark != null">
        REMOVED_MARK = #{removedMark,jdbcType=VARCHAR},
      </if>
    </set>
    where ID = #{id,jdbcType=INTEGER}
  </update>
  <update id="updateByPrimaryKey" parameterType="com.gome.scs.scsservice.emp.entity.MdInformationRecord">
    update md_information_record
    set APPLICATION = #{application,jdbcType=VARCHAR},
      CONDITION_TYPE = #{conditionType,jdbcType=VARCHAR},
      SUPP_TYPE_CODE = #{suppTypeCode,jdbcType=VARCHAR},
      SKU_CODE = #{skuCode,jdbcType=VARCHAR},
      BUYORG_CODE = #{buyorgCode,jdbcType=VARCHAR},
      BUY_RECORD_TYPE = #{buyRecordType,jdbcType=VARCHAR},
      CONDITION_EFFECT_END_DATE = #{conditionEffectEndDate,jdbcType=DATE},
      CONDITION_EFFECT_START_DATE = #{conditionEffectStartDate,jdbcType=DATE},
      CONDITION_RECORD_CODE = #{conditionRecordCode,jdbcType=VARCHAR},
      CONDITION_CODE = #{conditionCode,jdbcType=VARCHAR},
      CONDITION_CALCULATE_TYPE = #{conditionCalculateType,jdbcType=VARCHAR},
      PRICE = #{price,jdbcType=DECIMAL},
      RATE_TYPE = #{rateType,jdbcType=VARCHAR},
      APPROVE_STATUS = #{approveStatus,jdbcType=VARCHAR},
      CONTRACT_CODE = #{contractCode,jdbcType=VARCHAR},
      IS_REMOVED = #{isRemoved,jdbcType=VARCHAR},
      REMOVED_MARK = #{removedMark,jdbcType=VARCHAR}
    where ID = #{id,jdbcType=INTEGER}
  </update>
</mapper>