<?xml version="1.0" encoding="UTF-8"?>
<!DOCTYPE mapper PUBLIC "-//mybatis.org//DTD Mapper 3.0//EN" "http://mybatis.org/dtd/mybatis-3-mapper.dtd">
<mapper namespace="com.gome.scs.scsservice.emp.mapper.MdMachineTypeMapper">
  <resultMap id="BaseResultMap" type="com.gome.scs.scsservice.emp.entity.MdMachineType">
    <id column="ID" jdbcType="INTEGER" property="id" />
    <result column="MACHINE_CODE" jdbcType="VARCHAR" property="machineCode" />
    <result column="MACHINE_NAME" jdbcType="VARCHAR" property="machineName" />
    <result column="IS_REMOVED" jdbcType="VARCHAR" property="isRemoved" />
  </resultMap>
  <sql id="Base_Column_List">
    ID, MACHINE_CODE, MACHINE_NAME, IS_REMOVED
  </sql>
  <select id="selectByPrimaryKey" parameterType="java.lang.Integer" resultMap="BaseResultMap">
    select 
    <include refid="Base_Column_List" />
    from md_machine_type
    where ID = #{id,jdbcType=INTEGER}
  </select>
  <delete id="deleteByPrimaryKey" parameterType="java.lang.Integer">
    delete from md_machine_type
    where ID = #{id,jdbcType=INTEGER}
  </delete>
  <insert id="insert" parameterType="com.gome.scs.scsservice.emp.entity.MdMachineType">
    insert into md_machine_type (ID, MACHINE_CODE, MACHINE_NAME, 
      IS_REMOVED)
    values (#{id,jdbcType=INTEGER}, #{machineCode,jdbcType=VARCHAR}, #{machineName,jdbcType=VARCHAR}, 
      #{isRemoved,jdbcType=VARCHAR})
  </insert>
  <insert id="insertSelective" parameterType="com.gome.scs.scsservice.emp.entity.MdMachineType">
    insert into md_machine_type
    <trim prefix="(" suffix=")" suffixOverrides=",">
      <if test="id != null">
        ID,
      </if>
      <if test="machineCode != null">
        MACHINE_CODE,
      </if>
      <if test="machineName != null">
        MACHINE_NAME,
      </if>
      <if test="isRemoved != null">
        IS_REMOVED,
      </if>
    </trim>
    <trim prefix="values (" suffix=")" suffixOverrides=",">
      <if test="id != null">
        #{id,jdbcType=INTEGER},
      </if>
      <if test="machineCode != null">
        #{machineCode,jdbcType=VARCHAR},
      </if>
      <if test="machineName != null">
        #{machineName,jdbcType=VARCHAR},
      </if>
      <if test="isRemoved != null">
        #{isRemoved,jdbcType=VARCHAR},
      </if>
    </trim>
  </insert>
  <update id="updateByPrimaryKeySelective" parameterType="com.gome.scs.scsservice.emp.entity.MdMachineType">
    update md_machine_type
    <set>
      <if test="machineCode != null">
        MACHINE_CODE = #{machineCode,jdbcType=VARCHAR},
      </if>
      <if test="machineName != null">
        MACHINE_NAME = #{machineName,jdbcType=VARCHAR},
      </if>
      <if test="isRemoved != null">
        IS_REMOVED = #{isRemoved,jdbcType=VARCHAR},
      </if>
    </set>
    where ID = #{id,jdbcType=INTEGER}
  </update>
  <update id="updateByPrimaryKey" parameterType="com.gome.scs.scsservice.emp.entity.MdMachineType">
    update md_machine_type
    set MACHINE_CODE = #{machineCode,jdbcType=VARCHAR},
      MACHINE_NAME = #{machineName,jdbcType=VARCHAR},
      IS_REMOVED = #{isRemoved,jdbcType=VARCHAR}
    where ID = #{id,jdbcType=INTEGER}
  </update>
</mapper>