<?xml version="1.0" encoding="UTF-8"?>
<!DOCTYPE mapper PUBLIC "-//mybatis.org//DTD Mapper 3.0//EN" "http://mybatis.org/dtd/mybatis-3-mapper.dtd">
<mapper namespace="com.gome.scs.scsservice.emp.mapper.MdPayTermMapper">
  <resultMap id="BaseResultMap" type="com.gome.scs.scsservice.emp.entity.MdPayTerm">
    <id column="ID" jdbcType="INTEGER" property="id" />
    <result column="PAY_TERM_CODE" jdbcType="VARCHAR" property="payTermCode" />
    <result column="PAY_TERM_NAME" jdbcType="VARCHAR" property="payTermName" />
    <result column="SUBJECT_TYPE" jdbcType="VARCHAR" property="subjectType" />
    <result column="UPDATE_TIME" jdbcType="TIMESTAMP" property="updateTime" />
    <result column="IS_REMOVED" jdbcType="VARCHAR" property="isRemoved" />
  </resultMap>
  <sql id="Base_Column_List">
    ID, PAY_TERM_CODE, PAY_TERM_NAME, SUBJECT_TYPE, UPDATE_TIME, IS_REMOVED
  </sql>
  <select id="selectByPrimaryKey" parameterType="java.lang.Integer" resultMap="BaseResultMap">
    select 
    <include refid="Base_Column_List" />
    from md_pay_term
    where ID = #{id,jdbcType=INTEGER}
  </select>
  <delete id="deleteByPrimaryKey" parameterType="java.lang.Integer">
    delete from md_pay_term
    where ID = #{id,jdbcType=INTEGER}
  </delete>
  <insert id="insert" parameterType="com.gome.scs.scsservice.emp.entity.MdPayTerm">
    insert into md_pay_term (ID, PAY_TERM_CODE, PAY_TERM_NAME, 
      SUBJECT_TYPE, UPDATE_TIME, IS_REMOVED
      )
    values (#{id,jdbcType=INTEGER}, #{payTermCode,jdbcType=VARCHAR}, #{payTermName,jdbcType=VARCHAR}, 
      #{subjectType,jdbcType=VARCHAR}, #{updateTime,jdbcType=TIMESTAMP}, #{isRemoved,jdbcType=VARCHAR}
      )
  </insert>
  <insert id="insertSelective" parameterType="com.gome.scs.scsservice.emp.entity.MdPayTerm">
    insert into md_pay_term
    <trim prefix="(" suffix=")" suffixOverrides=",">
      <if test="id != null">
        ID,
      </if>
      <if test="payTermCode != null">
        PAY_TERM_CODE,
      </if>
      <if test="payTermName != null">
        PAY_TERM_NAME,
      </if>
      <if test="subjectType != null">
        SUBJECT_TYPE,
      </if>
      <if test="updateTime != null">
        UPDATE_TIME,
      </if>
      <if test="isRemoved != null">
        IS_REMOVED,
      </if>
    </trim>
    <trim prefix="values (" suffix=")" suffixOverrides=",">
      <if test="id != null">
        #{id,jdbcType=INTEGER},
      </if>
      <if test="payTermCode != null">
        #{payTermCode,jdbcType=VARCHAR},
      </if>
      <if test="payTermName != null">
        #{payTermName,jdbcType=VARCHAR},
      </if>
      <if test="subjectType != null">
        #{subjectType,jdbcType=VARCHAR},
      </if>
      <if test="updateTime != null">
        #{updateTime,jdbcType=TIMESTAMP},
      </if>
      <if test="isRemoved != null">
        #{isRemoved,jdbcType=VARCHAR},
      </if>
    </trim>
  </insert>
  <update id="updateByPrimaryKeySelective" parameterType="com.gome.scs.scsservice.emp.entity.MdPayTerm">
    update md_pay_term
    <set>
      <if test="payTermCode != null">
        PAY_TERM_CODE = #{payTermCode,jdbcType=VARCHAR},
      </if>
      <if test="payTermName != null">
        PAY_TERM_NAME = #{payTermName,jdbcType=VARCHAR},
      </if>
      <if test="subjectType != null">
        SUBJECT_TYPE = #{subjectType,jdbcType=VARCHAR},
      </if>
      <if test="updateTime != null">
        UPDATE_TIME = #{updateTime,jdbcType=TIMESTAMP},
      </if>
      <if test="isRemoved != null">
        IS_REMOVED = #{isRemoved,jdbcType=VARCHAR},
      </if>
    </set>
    where ID = #{id,jdbcType=INTEGER}
  </update>
  <update id="updateByPrimaryKey" parameterType="com.gome.scs.scsservice.emp.entity.MdPayTerm">
    update md_pay_term
    set PAY_TERM_CODE = #{payTermCode,jdbcType=VARCHAR},
      PAY_TERM_NAME = #{payTermName,jdbcType=VARCHAR},
      SUBJECT_TYPE = #{subjectType,jdbcType=VARCHAR},
      UPDATE_TIME = #{updateTime,jdbcType=TIMESTAMP},
      IS_REMOVED = #{isRemoved,jdbcType=VARCHAR}
    where ID = #{id,jdbcType=INTEGER}
  </update>
</mapper>