<?xml version="1.0" encoding="UTF-8"?>
<!DOCTYPE mapper PUBLIC "-//mybatis.org//DTD Mapper 3.0//EN" "http://mybatis.org/dtd/mybatis-3-mapper.dtd">
<mapper namespace="com.gome.scs.scsservice.emp.mapper.MdPayModeMapper">
  <resultMap id="BaseResultMap" type="com.gome.scs.scsservice.emp.entity.MdPayMode">
    <id column="ID" jdbcType="INTEGER" property="id" />
    <result column="PAY_MODE" jdbcType="VARCHAR" property="payMode" />
    <result column="PAY_MODE_CODE" jdbcType="VARCHAR" property="payModeCode" />
    <result column="PAY_MODE_NAME" jdbcType="VARCHAR" property="payModeName" />
    <result column="UPDATE_TIME" jdbcType="TIMESTAMP" property="updateTime" />
    <result column="IS_REMOVED" jdbcType="VARCHAR" property="isRemoved" />
  </resultMap>
  <sql id="Base_Column_List">
    ID, PAY_MODE, PAY_MODE_CODE, PAY_MODE_NAME, UPDATE_TIME, IS_REMOVED
  </sql>
  <select id="selectByPrimaryKey" parameterType="java.lang.Integer" resultMap="BaseResultMap">
    select 
    <include refid="Base_Column_List" />
    from md_pay_mode
    where ID = #{id,jdbcType=INTEGER}
  </select>
  <delete id="deleteByPrimaryKey" parameterType="java.lang.Integer">
    delete from md_pay_mode
    where ID = #{id,jdbcType=INTEGER}
  </delete>
  <insert id="insert" parameterType="com.gome.scs.scsservice.emp.entity.MdPayMode">
    insert into md_pay_mode (ID, PAY_MODE, PAY_MODE_CODE, 
      PAY_MODE_NAME, UPDATE_TIME, IS_REMOVED
      )
    values (#{id,jdbcType=INTEGER}, #{payMode,jdbcType=VARCHAR}, #{payModeCode,jdbcType=VARCHAR}, 
      #{payModeName,jdbcType=VARCHAR}, #{updateTime,jdbcType=TIMESTAMP}, #{isRemoved,jdbcType=VARCHAR}
      )
  </insert>
  <insert id="insertSelective" parameterType="com.gome.scs.scsservice.emp.entity.MdPayMode">
    insert into md_pay_mode
    <trim prefix="(" suffix=")" suffixOverrides=",">
      <if test="id != null">
        ID,
      </if>
      <if test="payMode != null">
        PAY_MODE,
      </if>
      <if test="payModeCode != null">
        PAY_MODE_CODE,
      </if>
      <if test="payModeName != null">
        PAY_MODE_NAME,
      </if>
      <if test="updateTime != null">
        UPDATE_TIME,
      </if>
      <if test="isRemoved != null">
        IS_REMOVED,
      </if>
    </trim>
    <trim prefix="values (" suffix=")" suffixOverrides=",">
      <if test="id != null">
        #{id,jdbcType=INTEGER},
      </if>
      <if test="payMode != null">
        #{payMode,jdbcType=VARCHAR},
      </if>
      <if test="payModeCode != null">
        #{payModeCode,jdbcType=VARCHAR},
      </if>
      <if test="payModeName != null">
        #{payModeName,jdbcType=VARCHAR},
      </if>
      <if test="updateTime != null">
        #{updateTime,jdbcType=TIMESTAMP},
      </if>
      <if test="isRemoved != null">
        #{isRemoved,jdbcType=VARCHAR},
      </if>
    </trim>
  </insert>
  <update id="updateByPrimaryKeySelective" parameterType="com.gome.scs.scsservice.emp.entity.MdPayMode">
    update md_pay_mode
    <set>
      <if test="payMode != null">
        PAY_MODE = #{payMode,jdbcType=VARCHAR},
      </if>
      <if test="payModeCode != null">
        PAY_MODE_CODE = #{payModeCode,jdbcType=VARCHAR},
      </if>
      <if test="payModeName != null">
        PAY_MODE_NAME = #{payModeName,jdbcType=VARCHAR},
      </if>
      <if test="updateTime != null">
        UPDATE_TIME = #{updateTime,jdbcType=TIMESTAMP},
      </if>
      <if test="isRemoved != null">
        IS_REMOVED = #{isRemoved,jdbcType=VARCHAR},
      </if>
    </set>
    where ID = #{id,jdbcType=INTEGER}
  </update>
  <update id="updateByPrimaryKey" parameterType="com.gome.scs.scsservice.emp.entity.MdPayMode">
    update md_pay_mode
    set PAY_MODE = #{payMode,jdbcType=VARCHAR},
      PAY_MODE_CODE = #{payModeCode,jdbcType=VARCHAR},
      PAY_MODE_NAME = #{payModeName,jdbcType=VARCHAR},
      UPDATE_TIME = #{updateTime,jdbcType=TIMESTAMP},
      IS_REMOVED = #{isRemoved,jdbcType=VARCHAR}
    where ID = #{id,jdbcType=INTEGER}
  </update>
</mapper>