<?xml version="1.0" encoding="UTF-8"?>
<!DOCTYPE mapper PUBLIC "-//mybatis.org//DTD Mapper 3.0//EN" "http://mybatis.org/dtd/mybatis-3-mapper.dtd">
<mapper namespace="com.gome.scs.scsservice.emp.mapper.MdPolicyMapper">
  <resultMap id="BaseResultMap" type="com.gome.scs.scsservice.emp.entity.MdPolicy">
    <id column="ID" jdbcType="INTEGER" property="id" />
    <result column="GROUP_NAME" jdbcType="VARCHAR" property="groupName" />
    <result column="POLICY_CODE" jdbcType="VARCHAR" property="policyCode" />
    <result column="POLICY_NAME" jdbcType="VARCHAR" property="policyName" />
    <result column="EARN_CODE" jdbcType="VARCHAR" property="earnCode" />
    <result column="EARN_NAME" jdbcType="VARCHAR" property="earnName" />
    <result column="UNIT" jdbcType="VARCHAR" property="unit" />
    <result column="IS_SAME_BRAND_CLASS" jdbcType="VARCHAR" property="isSameBrandClass" />
    <result column="HAS_LEVEL" jdbcType="VARCHAR" property="hasLevel" />
    <result column="LEVEL_CAL_TYPE" jdbcType="VARCHAR" property="levelCalType" />
    <result column="IS_DELETE" jdbcType="VARCHAR" property="isDelete" />
    <result column="IS_IN_PROTOCOL" jdbcType="VARCHAR" property="isInProtocol" />
    <result column="CONN_CONTRACT" jdbcType="VARCHAR" property="connContract" />
    <result column="CONN_PROTOCOL" jdbcType="VARCHAR" property="connProtocol" />
    <result column="CONN_CONFIRMATION" jdbcType="VARCHAR" property="connConfirmation" />
    <result column="CONN_ORDER" jdbcType="VARCHAR" property="connOrder" />
    <result column="CONN_PROTOCOL_EX" jdbcType="VARCHAR" property="connProtocolEx" />
    <result column="UPDATE_TIME" jdbcType="TIMESTAMP" property="updateTime" />
    <result column="IS_REMOVED" jdbcType="VARCHAR" property="isRemoved" />
  </resultMap>
  <sql id="Base_Column_List">
    ID, GROUP_NAME, POLICY_CODE, POLICY_NAME, EARN_CODE, EARN_NAME, UNIT, IS_SAME_BRAND_CLASS, 
    HAS_LEVEL, LEVEL_CAL_TYPE, IS_DELETE, IS_IN_PROTOCOL, CONN_CONTRACT, CONN_PROTOCOL, 
    CONN_CONFIRMATION, CONN_ORDER, CONN_PROTOCOL_EX, UPDATE_TIME, IS_REMOVED
  </sql>
  <select id="selectByPrimaryKey" parameterType="java.lang.Integer" resultMap="BaseResultMap">
    select 
    <include refid="Base_Column_List" />
    from md_policy
    where ID = #{id,jdbcType=INTEGER}
  </select>
  <delete id="deleteByPrimaryKey" parameterType="java.lang.Integer">
    delete from md_policy
    where ID = #{id,jdbcType=INTEGER}
  </delete>
  <insert id="insert" parameterType="com.gome.scs.scsservice.emp.entity.MdPolicy">
    insert into md_policy (ID, GROUP_NAME, POLICY_CODE, 
      POLICY_NAME, EARN_CODE, EARN_NAME, 
      UNIT, IS_SAME_BRAND_CLASS, HAS_LEVEL, 
      LEVEL_CAL_TYPE, IS_DELETE, IS_IN_PROTOCOL, 
      CONN_CONTRACT, CONN_PROTOCOL, CONN_CONFIRMATION, 
      CONN_ORDER, CONN_PROTOCOL_EX, UPDATE_TIME, 
      IS_REMOVED)
    values (#{id,jdbcType=INTEGER}, #{groupName,jdbcType=VARCHAR}, #{policyCode,jdbcType=VARCHAR}, 
      #{policyName,jdbcType=VARCHAR}, #{earnCode,jdbcType=VARCHAR}, #{earnName,jdbcType=VARCHAR}, 
      #{unit,jdbcType=VARCHAR}, #{isSameBrandClass,jdbcType=VARCHAR}, #{hasLevel,jdbcType=VARCHAR}, 
      #{levelCalType,jdbcType=VARCHAR}, #{isDelete,jdbcType=VARCHAR}, #{isInProtocol,jdbcType=VARCHAR}, 
      #{connContract,jdbcType=VARCHAR}, #{connProtocol,jdbcType=VARCHAR}, #{connConfirmation,jdbcType=VARCHAR}, 
      #{connOrder,jdbcType=VARCHAR}, #{connProtocolEx,jdbcType=VARCHAR}, #{updateTime,jdbcType=TIMESTAMP}, 
      #{isRemoved,jdbcType=VARCHAR})
  </insert>
  <insert id="insertSelective" parameterType="com.gome.scs.scsservice.emp.entity.MdPolicy">
    insert into md_policy
    <trim prefix="(" suffix=")" suffixOverrides=",">
      <if test="id != null">
        ID,
      </if>
      <if test="groupName != null">
        GROUP_NAME,
      </if>
      <if test="policyCode != null">
        POLICY_CODE,
      </if>
      <if test="policyName != null">
        POLICY_NAME,
      </if>
      <if test="earnCode != null">
        EARN_CODE,
      </if>
      <if test="earnName != null">
        EARN_NAME,
      </if>
      <if test="unit != null">
        UNIT,
      </if>
      <if test="isSameBrandClass != null">
        IS_SAME_BRAND_CLASS,
      </if>
      <if test="hasLevel != null">
        HAS_LEVEL,
      </if>
      <if test="levelCalType != null">
        LEVEL_CAL_TYPE,
      </if>
      <if test="isDelete != null">
        IS_DELETE,
      </if>
      <if test="isInProtocol != null">
        IS_IN_PROTOCOL,
      </if>
      <if test="connContract != null">
        CONN_CONTRACT,
      </if>
      <if test="connProtocol != null">
        CONN_PROTOCOL,
      </if>
      <if test="connConfirmation != null">
        CONN_CONFIRMATION,
      </if>
      <if test="connOrder != null">
        CONN_ORDER,
      </if>
      <if test="connProtocolEx != null">
        CONN_PROTOCOL_EX,
      </if>
      <if test="updateTime != null">
        UPDATE_TIME,
      </if>
      <if test="isRemoved != null">
        IS_REMOVED,
      </if>
    </trim>
    <trim prefix="values (" suffix=")" suffixOverrides=",">
      <if test="id != null">
        #{id,jdbcType=INTEGER},
      </if>
      <if test="groupName != null">
        #{groupName,jdbcType=VARCHAR},
      </if>
      <if test="policyCode != null">
        #{policyCode,jdbcType=VARCHAR},
      </if>
      <if test="policyName != null">
        #{policyName,jdbcType=VARCHAR},
      </if>
      <if test="earnCode != null">
        #{earnCode,jdbcType=VARCHAR},
      </if>
      <if test="earnName != null">
        #{earnName,jdbcType=VARCHAR},
      </if>
      <if test="unit != null">
        #{unit,jdbcType=VARCHAR},
      </if>
      <if test="isSameBrandClass != null">
        #{isSameBrandClass,jdbcType=VARCHAR},
      </if>
      <if test="hasLevel != null">
        #{hasLevel,jdbcType=VARCHAR},
      </if>
      <if test="levelCalType != null">
        #{levelCalType,jdbcType=VARCHAR},
      </if>
      <if test="isDelete != null">
        #{isDelete,jdbcType=VARCHAR},
      </if>
      <if test="isInProtocol != null">
        #{isInProtocol,jdbcType=VARCHAR},
      </if>
      <if test="connContract != null">
        #{connContract,jdbcType=VARCHAR},
      </if>
      <if test="connProtocol != null">
        #{connProtocol,jdbcType=VARCHAR},
      </if>
      <if test="connConfirmation != null">
        #{connConfirmation,jdbcType=VARCHAR},
      </if>
      <if test="connOrder != null">
        #{connOrder,jdbcType=VARCHAR},
      </if>
      <if test="connProtocolEx != null">
        #{connProtocolEx,jdbcType=VARCHAR},
      </if>
      <if test="updateTime != null">
        #{updateTime,jdbcType=TIMESTAMP},
      </if>
      <if test="isRemoved != null">
        #{isRemoved,jdbcType=VARCHAR},
      </if>
    </trim>
  </insert>
  <update id="updateByPrimaryKeySelective" parameterType="com.gome.scs.scsservice.emp.entity.MdPolicy">
    update md_policy
    <set>
      <if test="groupName != null">
        GROUP_NAME = #{groupName,jdbcType=VARCHAR},
      </if>
      <if test="policyCode != null">
        POLICY_CODE = #{policyCode,jdbcType=VARCHAR},
      </if>
      <if test="policyName != null">
        POLICY_NAME = #{policyName,jdbcType=VARCHAR},
      </if>
      <if test="earnCode != null">
        EARN_CODE = #{earnCode,jdbcType=VARCHAR},
      </if>
      <if test="earnName != null">
        EARN_NAME = #{earnName,jdbcType=VARCHAR},
      </if>
      <if test="unit != null">
        UNIT = #{unit,jdbcType=VARCHAR},
      </if>
      <if test="isSameBrandClass != null">
        IS_SAME_BRAND_CLASS = #{isSameBrandClass,jdbcType=VARCHAR},
      </if>
      <if test="hasLevel != null">
        HAS_LEVEL = #{hasLevel,jdbcType=VARCHAR},
      </if>
      <if test="levelCalType != null">
        LEVEL_CAL_TYPE = #{levelCalType,jdbcType=VARCHAR},
      </if>
      <if test="isDelete != null">
        IS_DELETE = #{isDelete,jdbcType=VARCHAR},
      </if>
      <if test="isInProtocol != null">
        IS_IN_PROTOCOL = #{isInProtocol,jdbcType=VARCHAR},
      </if>
      <if test="connContract != null">
        CONN_CONTRACT = #{connContract,jdbcType=VARCHAR},
      </if>
      <if test="connProtocol != null">
        CONN_PROTOCOL = #{connProtocol,jdbcType=VARCHAR},
      </if>
      <if test="connConfirmation != null">
        CONN_CONFIRMATION = #{connConfirmation,jdbcType=VARCHAR},
      </if>
      <if test="connOrder != null">
        CONN_ORDER = #{connOrder,jdbcType=VARCHAR},
      </if>
      <if test="connProtocolEx != null">
        CONN_PROTOCOL_EX = #{connProtocolEx,jdbcType=VARCHAR},
      </if>
      <if test="updateTime != null">
        UPDATE_TIME = #{updateTime,jdbcType=TIMESTAMP},
      </if>
      <if test="isRemoved != null">
        IS_REMOVED = #{isRemoved,jdbcType=VARCHAR},
      </if>
    </set>
    where ID = #{id,jdbcType=INTEGER}
  </update>
  <update id="updateByPrimaryKey" parameterType="com.gome.scs.scsservice.emp.entity.MdPolicy">
    update md_policy
    set GROUP_NAME = #{groupName,jdbcType=VARCHAR},
      POLICY_CODE = #{policyCode,jdbcType=VARCHAR},
      POLICY_NAME = #{policyName,jdbcType=VARCHAR},
      EARN_CODE = #{earnCode,jdbcType=VARCHAR},
      EARN_NAME = #{earnName,jdbcType=VARCHAR},
      UNIT = #{unit,jdbcType=VARCHAR},
      IS_SAME_BRAND_CLASS = #{isSameBrandClass,jdbcType=VARCHAR},
      HAS_LEVEL = #{hasLevel,jdbcType=VARCHAR},
      LEVEL_CAL_TYPE = #{levelCalType,jdbcType=VARCHAR},
      IS_DELETE = #{isDelete,jdbcType=VARCHAR},
      IS_IN_PROTOCOL = #{isInProtocol,jdbcType=VARCHAR},
      CONN_CONTRACT = #{connContract,jdbcType=VARCHAR},
      CONN_PROTOCOL = #{connProtocol,jdbcType=VARCHAR},
      CONN_CONFIRMATION = #{connConfirmation,jdbcType=VARCHAR},
      CONN_ORDER = #{connOrder,jdbcType=VARCHAR},
      CONN_PROTOCOL_EX = #{connProtocolEx,jdbcType=VARCHAR},
      UPDATE_TIME = #{updateTime,jdbcType=TIMESTAMP},
      IS_REMOVED = #{isRemoved,jdbcType=VARCHAR}
    where ID = #{id,jdbcType=INTEGER}
  </update>
</mapper>