<?xml version="1.0" encoding="UTF-8"?>
<!DOCTYPE mapper PUBLIC "-//mybatis.org//DTD Mapper 3.0//EN" "http://mybatis.org/dtd/mybatis-3-mapper.dtd">
<mapper namespace="com.gome.scs.scsservice.emp.mapper.MdPurchaseOrderTypeMapper">
  <resultMap id="BaseResultMap" type="com.gome.scs.scsservice.emp.entity.MdPurchaseOrderType">
    <id column="ID" jdbcType="INTEGER" property="id" />
    <result column="ORDER_TYPE_CODE" jdbcType="VARCHAR" property="orderTypeCode" />
    <result column="ORDER_TYPE_NAME" jdbcType="VARCHAR" property="orderTypeName" />
    <result column="IS_REMOVED" jdbcType="VARCHAR" property="isRemoved" />
  </resultMap>
  <sql id="Base_Column_List">
    ID, ORDER_TYPE_CODE, ORDER_TYPE_NAME, IS_REMOVED
  </sql>
  <select id="selectByPrimaryKey" parameterType="java.lang.Integer" resultMap="BaseResultMap">
    select 
    <include refid="Base_Column_List" />
    from md_purchase_order_type
    where ID = #{id,jdbcType=INTEGER}
  </select>
  <delete id="deleteByPrimaryKey" parameterType="java.lang.Integer">
    delete from md_purchase_order_type
    where ID = #{id,jdbcType=INTEGER}
  </delete>
  <insert id="insert" parameterType="com.gome.scs.scsservice.emp.entity.MdPurchaseOrderType">
    insert into md_purchase_order_type (ID, ORDER_TYPE_CODE, ORDER_TYPE_NAME, 
      IS_REMOVED)
    values (#{id,jdbcType=INTEGER}, #{orderTypeCode,jdbcType=VARCHAR}, #{orderTypeName,jdbcType=VARCHAR}, 
      #{isRemoved,jdbcType=VARCHAR})
  </insert>
  <insert id="insertSelective" parameterType="com.gome.scs.scsservice.emp.entity.MdPurchaseOrderType">
    insert into md_purchase_order_type
    <trim prefix="(" suffix=")" suffixOverrides=",">
      <if test="id != null">
        ID,
      </if>
      <if test="orderTypeCode != null">
        ORDER_TYPE_CODE,
      </if>
      <if test="orderTypeName != null">
        ORDER_TYPE_NAME,
      </if>
      <if test="isRemoved != null">
        IS_REMOVED,
      </if>
    </trim>
    <trim prefix="values (" suffix=")" suffixOverrides=",">
      <if test="id != null">
        #{id,jdbcType=INTEGER},
      </if>
      <if test="orderTypeCode != null">
        #{orderTypeCode,jdbcType=VARCHAR},
      </if>
      <if test="orderTypeName != null">
        #{orderTypeName,jdbcType=VARCHAR},
      </if>
      <if test="isRemoved != null">
        #{isRemoved,jdbcType=VARCHAR},
      </if>
    </trim>
  </insert>
  <update id="updateByPrimaryKeySelective" parameterType="com.gome.scs.scsservice.emp.entity.MdPurchaseOrderType">
    update md_purchase_order_type
    <set>
      <if test="orderTypeCode != null">
        ORDER_TYPE_CODE = #{orderTypeCode,jdbcType=VARCHAR},
      </if>
      <if test="orderTypeName != null">
        ORDER_TYPE_NAME = #{orderTypeName,jdbcType=VARCHAR},
      </if>
      <if test="isRemoved != null">
        IS_REMOVED = #{isRemoved,jdbcType=VARCHAR},
      </if>
    </set>
    where ID = #{id,jdbcType=INTEGER}
  </update>
  <update id="updateByPrimaryKey" parameterType="com.gome.scs.scsservice.emp.entity.MdPurchaseOrderType">
    update md_purchase_order_type
    set ORDER_TYPE_CODE = #{orderTypeCode,jdbcType=VARCHAR},
      ORDER_TYPE_NAME = #{orderTypeName,jdbcType=VARCHAR},
      IS_REMOVED = #{isRemoved,jdbcType=VARCHAR}
    where ID = #{id,jdbcType=INTEGER}
  </update>
</mapper>