<?xml version="1.0" encoding="UTF-8"?>
<!DOCTYPE mapper PUBLIC "-//mybatis.org//DTD Mapper 3.0//EN" "http://mybatis.org/dtd/mybatis-3-mapper.dtd">
<mapper namespace="com.gome.scs.scsservice.emp.mapper.MdRdcMapper">
  <resultMap id="BaseResultMap" type="com.gome.scs.scsservice.emp.entity.MdRdc">
    <id column="ID" jdbcType="INTEGER" property="id" />
    <result column="RDC_CODE" jdbcType="VARCHAR" property="rdcCode" />
    <result column="SALE_DEPT_CODE" jdbcType="VARCHAR" property="saleDeptCode" />
    <result column="SALE_GROUP" jdbcType="VARCHAR" property="saleGroup" />
    <result column="RDC_NAME" jdbcType="VARCHAR" property="rdcName" />
    <result column="AREA" jdbcType="VARCHAR" property="area" />
    <result column="COMPANY_CODE" jdbcType="VARCHAR" property="companyCode" />
    <result column="IS_REMOVED" jdbcType="VARCHAR" property="isRemoved" />
  </resultMap>
  <sql id="Base_Column_List">
    ID, RDC_CODE, SALE_DEPT_CODE, SALE_GROUP, RDC_NAME, AREA, COMPANY_CODE, IS_REMOVED
  </sql>
  <select id="selectByPrimaryKey" parameterType="java.lang.Integer" resultMap="BaseResultMap">
    select 
    <include refid="Base_Column_List" />
    from md_rdc
    where ID = #{id,jdbcType=INTEGER}
  </select>
  <delete id="deleteByPrimaryKey" parameterType="java.lang.Integer">
    delete from md_rdc
    where ID = #{id,jdbcType=INTEGER}
  </delete>
  <insert id="insert" parameterType="com.gome.scs.scsservice.emp.entity.MdRdc">
    insert into md_rdc (ID, RDC_CODE, SALE_DEPT_CODE, 
      SALE_GROUP, RDC_NAME, AREA, 
      COMPANY_CODE, IS_REMOVED)
    values (#{id,jdbcType=INTEGER}, #{rdcCode,jdbcType=VARCHAR}, #{saleDeptCode,jdbcType=VARCHAR}, 
      #{saleGroup,jdbcType=VARCHAR}, #{rdcName,jdbcType=VARCHAR}, #{area,jdbcType=VARCHAR}, 
      #{companyCode,jdbcType=VARCHAR}, #{isRemoved,jdbcType=VARCHAR})
  </insert>
  <insert id="insertSelective" parameterType="com.gome.scs.scsservice.emp.entity.MdRdc">
    insert into md_rdc
    <trim prefix="(" suffix=")" suffixOverrides=",">
      <if test="id != null">
        ID,
      </if>
      <if test="rdcCode != null">
        RDC_CODE,
      </if>
      <if test="saleDeptCode != null">
        SALE_DEPT_CODE,
      </if>
      <if test="saleGroup != null">
        SALE_GROUP,
      </if>
      <if test="rdcName != null">
        RDC_NAME,
      </if>
      <if test="area != null">
        AREA,
      </if>
      <if test="companyCode != null">
        COMPANY_CODE,
      </if>
      <if test="isRemoved != null">
        IS_REMOVED,
      </if>
    </trim>
    <trim prefix="values (" suffix=")" suffixOverrides=",">
      <if test="id != null">
        #{id,jdbcType=INTEGER},
      </if>
      <if test="rdcCode != null">
        #{rdcCode,jdbcType=VARCHAR},
      </if>
      <if test="saleDeptCode != null">
        #{saleDeptCode,jdbcType=VARCHAR},
      </if>
      <if test="saleGroup != null">
        #{saleGroup,jdbcType=VARCHAR},
      </if>
      <if test="rdcName != null">
        #{rdcName,jdbcType=VARCHAR},
      </if>
      <if test="area != null">
        #{area,jdbcType=VARCHAR},
      </if>
      <if test="companyCode != null">
        #{companyCode,jdbcType=VARCHAR},
      </if>
      <if test="isRemoved != null">
        #{isRemoved,jdbcType=VARCHAR},
      </if>
    </trim>
  </insert>
  <update id="updateByPrimaryKeySelective" parameterType="com.gome.scs.scsservice.emp.entity.MdRdc">
    update md_rdc
    <set>
      <if test="rdcCode != null">
        RDC_CODE = #{rdcCode,jdbcType=VARCHAR},
      </if>
      <if test="saleDeptCode != null">
        SALE_DEPT_CODE = #{saleDeptCode,jdbcType=VARCHAR},
      </if>
      <if test="saleGroup != null">
        SALE_GROUP = #{saleGroup,jdbcType=VARCHAR},
      </if>
      <if test="rdcName != null">
        RDC_NAME = #{rdcName,jdbcType=VARCHAR},
      </if>
      <if test="area != null">
        AREA = #{area,jdbcType=VARCHAR},
      </if>
      <if test="companyCode != null">
        COMPANY_CODE = #{companyCode,jdbcType=VARCHAR},
      </if>
      <if test="isRemoved != null">
        IS_REMOVED = #{isRemoved,jdbcType=VARCHAR},
      </if>
    </set>
    where ID = #{id,jdbcType=INTEGER}
  </update>
  <update id="updateByPrimaryKey" parameterType="com.gome.scs.scsservice.emp.entity.MdRdc">
    update md_rdc
    set RDC_CODE = #{rdcCode,jdbcType=VARCHAR},
      SALE_DEPT_CODE = #{saleDeptCode,jdbcType=VARCHAR},
      SALE_GROUP = #{saleGroup,jdbcType=VARCHAR},
      RDC_NAME = #{rdcName,jdbcType=VARCHAR},
      AREA = #{area,jdbcType=VARCHAR},
      COMPANY_CODE = #{companyCode,jdbcType=VARCHAR},
      IS_REMOVED = #{isRemoved,jdbcType=VARCHAR}
    where ID = #{id,jdbcType=INTEGER}
  </update>
</mapper>