<?xml version="1.0" encoding="UTF-8"?>
<!DOCTYPE mapper PUBLIC "-//mybatis.org//DTD Mapper 3.0//EN" "http://mybatis.org/dtd/mybatis-3-mapper.dtd">
<mapper namespace="com.gome.scs.scsservice.emp.mapper.MdRegionMapper">
  <resultMap id="BaseResultMap" type="com.gome.scs.scsservice.emp.entity.MdRegion">
    <id column="ID" jdbcType="INTEGER" property="id" />
    <result column="REGION_CODE" jdbcType="VARCHAR" property="regionCode" />
    <result column="REGION_NAME" jdbcType="VARCHAR" property="regionName" />
    <result column="IS_REMOVED" jdbcType="VARCHAR" property="isRemoved" />
  </resultMap>
  <sql id="Base_Column_List">
    ID, REGION_CODE, REGION_NAME, IS_REMOVED
  </sql>
  <select id="selectByPrimaryKey" parameterType="java.lang.Integer" resultMap="BaseResultMap">
    select 
    <include refid="Base_Column_List" />
    from md_region
    where ID = #{id,jdbcType=INTEGER}
  </select>
  <delete id="deleteByPrimaryKey" parameterType="java.lang.Integer">
    delete from md_region
    where ID = #{id,jdbcType=INTEGER}
  </delete>
  <insert id="insert" parameterType="com.gome.scs.scsservice.emp.entity.MdRegion">
    insert into md_region (ID, REGION_CODE, REGION_NAME, 
      IS_REMOVED)
    values (#{id,jdbcType=INTEGER}, #{regionCode,jdbcType=VARCHAR}, #{regionName,jdbcType=VARCHAR}, 
      #{isRemoved,jdbcType=VARCHAR})
  </insert>
  <insert id="insertSelective" parameterType="com.gome.scs.scsservice.emp.entity.MdRegion">
    insert into md_region
    <trim prefix="(" suffix=")" suffixOverrides=",">
      <if test="id != null">
        ID,
      </if>
      <if test="regionCode != null">
        REGION_CODE,
      </if>
      <if test="regionName != null">
        REGION_NAME,
      </if>
      <if test="isRemoved != null">
        IS_REMOVED,
      </if>
    </trim>
    <trim prefix="values (" suffix=")" suffixOverrides=",">
      <if test="id != null">
        #{id,jdbcType=INTEGER},
      </if>
      <if test="regionCode != null">
        #{regionCode,jdbcType=VARCHAR},
      </if>
      <if test="regionName != null">
        #{regionName,jdbcType=VARCHAR},
      </if>
      <if test="isRemoved != null">
        #{isRemoved,jdbcType=VARCHAR},
      </if>
    </trim>
  </insert>
  <update id="updateByPrimaryKeySelective" parameterType="com.gome.scs.scsservice.emp.entity.MdRegion">
    update md_region
    <set>
      <if test="regionCode != null">
        REGION_CODE = #{regionCode,jdbcType=VARCHAR},
      </if>
      <if test="regionName != null">
        REGION_NAME = #{regionName,jdbcType=VARCHAR},
      </if>
      <if test="isRemoved != null">
        IS_REMOVED = #{isRemoved,jdbcType=VARCHAR},
      </if>
    </set>
    where ID = #{id,jdbcType=INTEGER}
  </update>
  <update id="updateByPrimaryKey" parameterType="com.gome.scs.scsservice.emp.entity.MdRegion">
    update md_region
    set REGION_CODE = #{regionCode,jdbcType=VARCHAR},
      REGION_NAME = #{regionName,jdbcType=VARCHAR},
      IS_REMOVED = #{isRemoved,jdbcType=VARCHAR}
    where ID = #{id,jdbcType=INTEGER}
  </update>
</mapper>