<?xml version="1.0" encoding="UTF-8"?>
<!DOCTYPE mapper PUBLIC "-//mybatis.org//DTD Mapper 3.0//EN" "http://mybatis.org/dtd/mybatis-3-mapper.dtd">
<mapper namespace="com.gome.scs.scsservice.emp.mapper.MdSaleGrpMapper">
  <resultMap id="BaseResultMap" type="com.gome.scs.scsservice.emp.entity.MdSaleGrp">
    <id column="ID" jdbcType="INTEGER" property="id" />
    <result column="SALE_GRP_CODE" jdbcType="VARCHAR" property="saleGrpCode" />
    <result column="SALE_GRP_NAME" jdbcType="VARCHAR" property="saleGrpName" />
    <result column="SALE_GRP_LEVEL" jdbcType="VARCHAR" property="saleGrpLevel" />
    <result column="IS_REMOVED" jdbcType="VARCHAR" property="isRemoved" />
  </resultMap>
  <sql id="Base_Column_List">
    ID, SALE_GRP_CODE, SALE_GRP_NAME, SALE_GRP_LEVEL, IS_REMOVED
  </sql>
  <select id="selectByPrimaryKey" parameterType="java.lang.Integer" resultMap="BaseResultMap">
    select 
    <include refid="Base_Column_List" />
    from md_sale_grp
    where ID = #{id,jdbcType=INTEGER}
  </select>
  <delete id="deleteByPrimaryKey" parameterType="java.lang.Integer">
    delete from md_sale_grp
    where ID = #{id,jdbcType=INTEGER}
  </delete>
  <insert id="insert" parameterType="com.gome.scs.scsservice.emp.entity.MdSaleGrp">
    insert into md_sale_grp (ID, SALE_GRP_CODE, SALE_GRP_NAME, 
      SALE_GRP_LEVEL, IS_REMOVED)
    values (#{id,jdbcType=INTEGER}, #{saleGrpCode,jdbcType=VARCHAR}, #{saleGrpName,jdbcType=VARCHAR}, 
      #{saleGrpLevel,jdbcType=VARCHAR}, #{isRemoved,jdbcType=VARCHAR})
  </insert>
  <insert id="insertSelective" parameterType="com.gome.scs.scsservice.emp.entity.MdSaleGrp">
    insert into md_sale_grp
    <trim prefix="(" suffix=")" suffixOverrides=",">
      <if test="id != null">
        ID,
      </if>
      <if test="saleGrpCode != null">
        SALE_GRP_CODE,
      </if>
      <if test="saleGrpName != null">
        SALE_GRP_NAME,
      </if>
      <if test="saleGrpLevel != null">
        SALE_GRP_LEVEL,
      </if>
      <if test="isRemoved != null">
        IS_REMOVED,
      </if>
    </trim>
    <trim prefix="values (" suffix=")" suffixOverrides=",">
      <if test="id != null">
        #{id,jdbcType=INTEGER},
      </if>
      <if test="saleGrpCode != null">
        #{saleGrpCode,jdbcType=VARCHAR},
      </if>
      <if test="saleGrpName != null">
        #{saleGrpName,jdbcType=VARCHAR},
      </if>
      <if test="saleGrpLevel != null">
        #{saleGrpLevel,jdbcType=VARCHAR},
      </if>
      <if test="isRemoved != null">
        #{isRemoved,jdbcType=VARCHAR},
      </if>
    </trim>
  </insert>
  <update id="updateByPrimaryKeySelective" parameterType="com.gome.scs.scsservice.emp.entity.MdSaleGrp">
    update md_sale_grp
    <set>
      <if test="saleGrpCode != null">
        SALE_GRP_CODE = #{saleGrpCode,jdbcType=VARCHAR},
      </if>
      <if test="saleGrpName != null">
        SALE_GRP_NAME = #{saleGrpName,jdbcType=VARCHAR},
      </if>
      <if test="saleGrpLevel != null">
        SALE_GRP_LEVEL = #{saleGrpLevel,jdbcType=VARCHAR},
      </if>
      <if test="isRemoved != null">
        IS_REMOVED = #{isRemoved,jdbcType=VARCHAR},
      </if>
    </set>
    where ID = #{id,jdbcType=INTEGER}
  </update>
  <update id="updateByPrimaryKey" parameterType="com.gome.scs.scsservice.emp.entity.MdSaleGrp">
    update md_sale_grp
    set SALE_GRP_CODE = #{saleGrpCode,jdbcType=VARCHAR},
      SALE_GRP_NAME = #{saleGrpName,jdbcType=VARCHAR},
      SALE_GRP_LEVEL = #{saleGrpLevel,jdbcType=VARCHAR},
      IS_REMOVED = #{isRemoved,jdbcType=VARCHAR}
    where ID = #{id,jdbcType=INTEGER}
  </update>
</mapper>