<?xml version="1.0" encoding="UTF-8"?>
<!DOCTYPE mapper PUBLIC "-//mybatis.org//DTD Mapper 3.0//EN" "http://mybatis.org/dtd/mybatis-3-mapper.dtd">
<mapper namespace="com.gome.scs.scsservice.emp.mapper.MdSalesChannelMapper">
  <resultMap id="BaseResultMap" type="com.gome.scs.scsservice.emp.entity.MdSalesChannel">
    <id column="ID" jdbcType="INTEGER" property="id" />
    <result column="SALES_CHANNEL_CODE" jdbcType="VARCHAR" property="salesChannelCode" />
    <result column="SALES_CHANNEL_NAME" jdbcType="VARCHAR" property="salesChannelName" />
    <result column="IS_REMOVED" jdbcType="VARCHAR" property="isRemoved" />
  </resultMap>
  <sql id="Base_Column_List">
    ID, SALES_CHANNEL_CODE, SALES_CHANNEL_NAME, IS_REMOVED
  </sql>
  <select id="selectByPrimaryKey" parameterType="java.lang.Integer" resultMap="BaseResultMap">
    select 
    <include refid="Base_Column_List" />
    from md_sales_channel
    where ID = #{id,jdbcType=INTEGER}
  </select>
  <delete id="deleteByPrimaryKey" parameterType="java.lang.Integer">
    delete from md_sales_channel
    where ID = #{id,jdbcType=INTEGER}
  </delete>
  <insert id="insert" parameterType="com.gome.scs.scsservice.emp.entity.MdSalesChannel">
    insert into md_sales_channel (ID, SALES_CHANNEL_CODE, SALES_CHANNEL_NAME, 
      IS_REMOVED)
    values (#{id,jdbcType=INTEGER}, #{salesChannelCode,jdbcType=VARCHAR}, #{salesChannelName,jdbcType=VARCHAR}, 
      #{isRemoved,jdbcType=VARCHAR})
  </insert>
  <insert id="insertSelective" parameterType="com.gome.scs.scsservice.emp.entity.MdSalesChannel">
    insert into md_sales_channel
    <trim prefix="(" suffix=")" suffixOverrides=",">
      <if test="id != null">
        ID,
      </if>
      <if test="salesChannelCode != null">
        SALES_CHANNEL_CODE,
      </if>
      <if test="salesChannelName != null">
        SALES_CHANNEL_NAME,
      </if>
      <if test="isRemoved != null">
        IS_REMOVED,
      </if>
    </trim>
    <trim prefix="values (" suffix=")" suffixOverrides=",">
      <if test="id != null">
        #{id,jdbcType=INTEGER},
      </if>
      <if test="salesChannelCode != null">
        #{salesChannelCode,jdbcType=VARCHAR},
      </if>
      <if test="salesChannelName != null">
        #{salesChannelName,jdbcType=VARCHAR},
      </if>
      <if test="isRemoved != null">
        #{isRemoved,jdbcType=VARCHAR},
      </if>
    </trim>
  </insert>
  <update id="updateByPrimaryKeySelective" parameterType="com.gome.scs.scsservice.emp.entity.MdSalesChannel">
    update md_sales_channel
    <set>
      <if test="salesChannelCode != null">
        SALES_CHANNEL_CODE = #{salesChannelCode,jdbcType=VARCHAR},
      </if>
      <if test="salesChannelName != null">
        SALES_CHANNEL_NAME = #{salesChannelName,jdbcType=VARCHAR},
      </if>
      <if test="isRemoved != null">
        IS_REMOVED = #{isRemoved,jdbcType=VARCHAR},
      </if>
    </set>
    where ID = #{id,jdbcType=INTEGER}
  </update>
  <update id="updateByPrimaryKey" parameterType="com.gome.scs.scsservice.emp.entity.MdSalesChannel">
    update md_sales_channel
    set SALES_CHANNEL_CODE = #{salesChannelCode,jdbcType=VARCHAR},
      SALES_CHANNEL_NAME = #{salesChannelName,jdbcType=VARCHAR},
      IS_REMOVED = #{isRemoved,jdbcType=VARCHAR}
    where ID = #{id,jdbcType=INTEGER}
  </update>
</mapper>