<?xml version="1.0" encoding="UTF-8"?>
<!DOCTYPE mapper PUBLIC "-//mybatis.org//DTD Mapper 3.0//EN" "http://mybatis.org/dtd/mybatis-3-mapper.dtd">
<mapper namespace="com.gome.scs.scsservice.emp.mapper.MdStoreStockSaleorgMapper">
  <resultMap id="BaseResultMap" type="com.gome.scs.scsservice.emp.entity.MdStoreStockSaleorg">
    <id column="ID" jdbcType="INTEGER" property="id" />
    <result column="STORE_CODE" jdbcType="VARCHAR" property="storeCode" />
    <result column="STOCK_CODE" jdbcType="VARCHAR" property="stockCode" />
    <result column="STOCK_STORE_DESC" jdbcType="VARCHAR" property="stockStoreDesc" />
    <result column="PRODUCT_GROUP_CODE" jdbcType="VARCHAR" property="productGroupCode" />
    <result column="SALE_ORG_CODE" jdbcType="VARCHAR" property="saleOrgCode" />
    <result column="DISTRIBUTION_CHANNEL" jdbcType="VARCHAR" property="distributionChannel" />
    <result column="UPDATE_TIME" jdbcType="DATE" property="updateTime" />
    <result column="IS_REMOVED" jdbcType="VARCHAR" property="isRemoved" />
  </resultMap>
  <sql id="Base_Column_List">
    ID, STORE_CODE, STOCK_CODE, STOCK_STORE_DESC, PRODUCT_GROUP_CODE, SALE_ORG_CODE, 
    DISTRIBUTION_CHANNEL, UPDATE_TIME, IS_REMOVED
  </sql>
  <select id="selectByPrimaryKey" parameterType="java.lang.Integer" resultMap="BaseResultMap">
    select 
    <include refid="Base_Column_List" />
    from md_store_stock_saleorg
    where ID = #{id,jdbcType=INTEGER}
  </select>
  <delete id="deleteByPrimaryKey" parameterType="java.lang.Integer">
    delete from md_store_stock_saleorg
    where ID = #{id,jdbcType=INTEGER}
  </delete>
  <insert id="insert" parameterType="com.gome.scs.scsservice.emp.entity.MdStoreStockSaleorg">
    insert into md_store_stock_saleorg (ID, STORE_CODE, STOCK_CODE, 
      STOCK_STORE_DESC, PRODUCT_GROUP_CODE, SALE_ORG_CODE, 
      DISTRIBUTION_CHANNEL, UPDATE_TIME, IS_REMOVED
      )
    values (#{id,jdbcType=INTEGER}, #{storeCode,jdbcType=VARCHAR}, #{stockCode,jdbcType=VARCHAR}, 
      #{stockStoreDesc,jdbcType=VARCHAR}, #{productGroupCode,jdbcType=VARCHAR}, #{saleOrgCode,jdbcType=VARCHAR}, 
      #{distributionChannel,jdbcType=VARCHAR}, #{updateTime,jdbcType=DATE}, #{isRemoved,jdbcType=VARCHAR}
      )
  </insert>
  <insert id="insertSelective" parameterType="com.gome.scs.scsservice.emp.entity.MdStoreStockSaleorg">
    insert into md_store_stock_saleorg
    <trim prefix="(" suffix=")" suffixOverrides=",">
      <if test="id != null">
        ID,
      </if>
      <if test="storeCode != null">
        STORE_CODE,
      </if>
      <if test="stockCode != null">
        STOCK_CODE,
      </if>
      <if test="stockStoreDesc != null">
        STOCK_STORE_DESC,
      </if>
      <if test="productGroupCode != null">
        PRODUCT_GROUP_CODE,
      </if>
      <if test="saleOrgCode != null">
        SALE_ORG_CODE,
      </if>
      <if test="distributionChannel != null">
        DISTRIBUTION_CHANNEL,
      </if>
      <if test="updateTime != null">
        UPDATE_TIME,
      </if>
      <if test="isRemoved != null">
        IS_REMOVED,
      </if>
    </trim>
    <trim prefix="values (" suffix=")" suffixOverrides=",">
      <if test="id != null">
        #{id,jdbcType=INTEGER},
      </if>
      <if test="storeCode != null">
        #{storeCode,jdbcType=VARCHAR},
      </if>
      <if test="stockCode != null">
        #{stockCode,jdbcType=VARCHAR},
      </if>
      <if test="stockStoreDesc != null">
        #{stockStoreDesc,jdbcType=VARCHAR},
      </if>
      <if test="productGroupCode != null">
        #{productGroupCode,jdbcType=VARCHAR},
      </if>
      <if test="saleOrgCode != null">
        #{saleOrgCode,jdbcType=VARCHAR},
      </if>
      <if test="distributionChannel != null">
        #{distributionChannel,jdbcType=VARCHAR},
      </if>
      <if test="updateTime != null">
        #{updateTime,jdbcType=DATE},
      </if>
      <if test="isRemoved != null">
        #{isRemoved,jdbcType=VARCHAR},
      </if>
    </trim>
  </insert>
  <update id="updateByPrimaryKeySelective" parameterType="com.gome.scs.scsservice.emp.entity.MdStoreStockSaleorg">
    update md_store_stock_saleorg
    <set>
      <if test="storeCode != null">
        STORE_CODE = #{storeCode,jdbcType=VARCHAR},
      </if>
      <if test="stockCode != null">
        STOCK_CODE = #{stockCode,jdbcType=VARCHAR},
      </if>
      <if test="stockStoreDesc != null">
        STOCK_STORE_DESC = #{stockStoreDesc,jdbcType=VARCHAR},
      </if>
      <if test="productGroupCode != null">
        PRODUCT_GROUP_CODE = #{productGroupCode,jdbcType=VARCHAR},
      </if>
      <if test="saleOrgCode != null">
        SALE_ORG_CODE = #{saleOrgCode,jdbcType=VARCHAR},
      </if>
      <if test="distributionChannel != null">
        DISTRIBUTION_CHANNEL = #{distributionChannel,jdbcType=VARCHAR},
      </if>
      <if test="updateTime != null">
        UPDATE_TIME = #{updateTime,jdbcType=DATE},
      </if>
      <if test="isRemoved != null">
        IS_REMOVED = #{isRemoved,jdbcType=VARCHAR},
      </if>
    </set>
    where ID = #{id,jdbcType=INTEGER}
  </update>
  <update id="updateByPrimaryKey" parameterType="com.gome.scs.scsservice.emp.entity.MdStoreStockSaleorg">
    update md_store_stock_saleorg
    set STORE_CODE = #{storeCode,jdbcType=VARCHAR},
      STOCK_CODE = #{stockCode,jdbcType=VARCHAR},
      STOCK_STORE_DESC = #{stockStoreDesc,jdbcType=VARCHAR},
      PRODUCT_GROUP_CODE = #{productGroupCode,jdbcType=VARCHAR},
      SALE_ORG_CODE = #{saleOrgCode,jdbcType=VARCHAR},
      DISTRIBUTION_CHANNEL = #{distributionChannel,jdbcType=VARCHAR},
      UPDATE_TIME = #{updateTime,jdbcType=DATE},
      IS_REMOVED = #{isRemoved,jdbcType=VARCHAR}
    where ID = #{id,jdbcType=INTEGER}
  </update>
</mapper>