<?xml version="1.0" encoding="UTF-8"?>
<!DOCTYPE mapper PUBLIC "-//mybatis.org//DTD Mapper 3.0//EN" "http://mybatis.org/dtd/mybatis-3-mapper.dtd">
<mapper namespace="com.gome.scs.scsservice.emp.mapper.MdStoreMapper">
  <resultMap id="BaseResultMap" type="com.gome.scs.scsservice.emp.entity.MdStore">
    <id column="ID" jdbcType="INTEGER" property="id" />
    <result column="STORE_CODE" jdbcType="VARCHAR" property="storeCode" />
    <result column="STORE_DESC" jdbcType="VARCHAR" property="storeDesc" />
    <result column="STORE_TYPE" jdbcType="VARCHAR" property="storeType" />
    <result column="STORE_TYPE_DESC" jdbcType="VARCHAR" property="storeTypeDesc" />
    <result column="BUYORG_CODE" jdbcType="VARCHAR" property="buyorgCode" />
    <result column="SALE_ORG_CODE" jdbcType="VARCHAR" property="saleOrgCode" />
    <result column="COMPANY_CODE" jdbcType="VARCHAR" property="companyCode" />
    <result column="COMPANY_ATTR" jdbcType="VARCHAR" property="companyAttr" />
    <result column="COMPANY_ATTR_DESC" jdbcType="VARCHAR" property="companyAttrDesc" />
    <result column="IS_REMOVED" jdbcType="VARCHAR" property="isRemoved" />
  </resultMap>
  <sql id="Base_Column_List">
    ID, STORE_CODE, STORE_DESC, STORE_TYPE, STORE_TYPE_DESC, BUYORG_CODE, SALE_ORG_CODE, 
    COMPANY_CODE, COMPANY_ATTR, COMPANY_ATTR_DESC, IS_REMOVED
  </sql>
  <select id="selectByPrimaryKey" parameterType="java.lang.Integer" resultMap="BaseResultMap">
    select 
    <include refid="Base_Column_List" />
    from md_store
    where ID = #{id,jdbcType=INTEGER}
  </select>
  <delete id="deleteByPrimaryKey" parameterType="java.lang.Integer">
    delete from md_store
    where ID = #{id,jdbcType=INTEGER}
  </delete>
  <insert id="insert" parameterType="com.gome.scs.scsservice.emp.entity.MdStore">
    insert into md_store (ID, STORE_CODE, STORE_DESC, 
      STORE_TYPE, STORE_TYPE_DESC, BUYORG_CODE, 
      SALE_ORG_CODE, COMPANY_CODE, COMPANY_ATTR, 
      COMPANY_ATTR_DESC, IS_REMOVED)
    values (#{id,jdbcType=INTEGER}, #{storeCode,jdbcType=VARCHAR}, #{storeDesc,jdbcType=VARCHAR}, 
      #{storeType,jdbcType=VARCHAR}, #{storeTypeDesc,jdbcType=VARCHAR}, #{buyorgCode,jdbcType=VARCHAR}, 
      #{saleOrgCode,jdbcType=VARCHAR}, #{companyCode,jdbcType=VARCHAR}, #{companyAttr,jdbcType=VARCHAR}, 
      #{companyAttrDesc,jdbcType=VARCHAR}, #{isRemoved,jdbcType=VARCHAR})
  </insert>
  <insert id="insertSelective" parameterType="com.gome.scs.scsservice.emp.entity.MdStore">
    insert into md_store
    <trim prefix="(" suffix=")" suffixOverrides=",">
      <if test="id != null">
        ID,
      </if>
      <if test="storeCode != null">
        STORE_CODE,
      </if>
      <if test="storeDesc != null">
        STORE_DESC,
      </if>
      <if test="storeType != null">
        STORE_TYPE,
      </if>
      <if test="storeTypeDesc != null">
        STORE_TYPE_DESC,
      </if>
      <if test="buyorgCode != null">
        BUYORG_CODE,
      </if>
      <if test="saleOrgCode != null">
        SALE_ORG_CODE,
      </if>
      <if test="companyCode != null">
        COMPANY_CODE,
      </if>
      <if test="companyAttr != null">
        COMPANY_ATTR,
      </if>
      <if test="companyAttrDesc != null">
        COMPANY_ATTR_DESC,
      </if>
      <if test="isRemoved != null">
        IS_REMOVED,
      </if>
    </trim>
    <trim prefix="values (" suffix=")" suffixOverrides=",">
      <if test="id != null">
        #{id,jdbcType=INTEGER},
      </if>
      <if test="storeCode != null">
        #{storeCode,jdbcType=VARCHAR},
      </if>
      <if test="storeDesc != null">
        #{storeDesc,jdbcType=VARCHAR},
      </if>
      <if test="storeType != null">
        #{storeType,jdbcType=VARCHAR},
      </if>
      <if test="storeTypeDesc != null">
        #{storeTypeDesc,jdbcType=VARCHAR},
      </if>
      <if test="buyorgCode != null">
        #{buyorgCode,jdbcType=VARCHAR},
      </if>
      <if test="saleOrgCode != null">
        #{saleOrgCode,jdbcType=VARCHAR},
      </if>
      <if test="companyCode != null">
        #{companyCode,jdbcType=VARCHAR},
      </if>
      <if test="companyAttr != null">
        #{companyAttr,jdbcType=VARCHAR},
      </if>
      <if test="companyAttrDesc != null">
        #{companyAttrDesc,jdbcType=VARCHAR},
      </if>
      <if test="isRemoved != null">
        #{isRemoved,jdbcType=VARCHAR},
      </if>
    </trim>
  </insert>
  <update id="updateByPrimaryKeySelective" parameterType="com.gome.scs.scsservice.emp.entity.MdStore">
    update md_store
    <set>
      <if test="storeCode != null">
        STORE_CODE = #{storeCode,jdbcType=VARCHAR},
      </if>
      <if test="storeDesc != null">
        STORE_DESC = #{storeDesc,jdbcType=VARCHAR},
      </if>
      <if test="storeType != null">
        STORE_TYPE = #{storeType,jdbcType=VARCHAR},
      </if>
      <if test="storeTypeDesc != null">
        STORE_TYPE_DESC = #{storeTypeDesc,jdbcType=VARCHAR},
      </if>
      <if test="buyorgCode != null">
        BUYORG_CODE = #{buyorgCode,jdbcType=VARCHAR},
      </if>
      <if test="saleOrgCode != null">
        SALE_ORG_CODE = #{saleOrgCode,jdbcType=VARCHAR},
      </if>
      <if test="companyCode != null">
        COMPANY_CODE = #{companyCode,jdbcType=VARCHAR},
      </if>
      <if test="companyAttr != null">
        COMPANY_ATTR = #{companyAttr,jdbcType=VARCHAR},
      </if>
      <if test="companyAttrDesc != null">
        COMPANY_ATTR_DESC = #{companyAttrDesc,jdbcType=VARCHAR},
      </if>
      <if test="isRemoved != null">
        IS_REMOVED = #{isRemoved,jdbcType=VARCHAR},
      </if>
    </set>
    where ID = #{id,jdbcType=INTEGER}
  </update>
  <update id="updateByPrimaryKey" parameterType="com.gome.scs.scsservice.emp.entity.MdStore">
    update md_store
    set STORE_CODE = #{storeCode,jdbcType=VARCHAR},
      STORE_DESC = #{storeDesc,jdbcType=VARCHAR},
      STORE_TYPE = #{storeType,jdbcType=VARCHAR},
      STORE_TYPE_DESC = #{storeTypeDesc,jdbcType=VARCHAR},
      BUYORG_CODE = #{buyorgCode,jdbcType=VARCHAR},
      SALE_ORG_CODE = #{saleOrgCode,jdbcType=VARCHAR},
      COMPANY_CODE = #{companyCode,jdbcType=VARCHAR},
      COMPANY_ATTR = #{companyAttr,jdbcType=VARCHAR},
      COMPANY_ATTR_DESC = #{companyAttrDesc,jdbcType=VARCHAR},
      IS_REMOVED = #{isRemoved,jdbcType=VARCHAR}
    where ID = #{id,jdbcType=INTEGER}
  </update>
</mapper>