<?xml version="1.0" encoding="UTF-8"?>
<!DOCTYPE mapper PUBLIC "-//mybatis.org//DTD Mapper 3.0//EN" "http://mybatis.org/dtd/mybatis-3-mapper.dtd">
<mapper namespace="com.gome.scs.scsservice.emp.mapper.MdStoreStockBranchMapper">
  <resultMap id="BaseResultMap" type="com.gome.scs.scsservice.emp.entity.MdStoreStockBranch">
    <id column="ID" jdbcType="INTEGER" property="id" />
    <result column="STORE_CODE" jdbcType="VARCHAR" property="storeCode" />
    <result column="STOCK_CODE" jdbcType="VARCHAR" property="stockCode" />
    <result column="BRANCH_CODE" jdbcType="VARCHAR" property="branchCode" />
    <result column="SALE_GRP_CODE" jdbcType="VARCHAR" property="saleGrpCode" />
    <result column="REAL_PHYSICAL_STORE_CODE" jdbcType="VARCHAR" property="realPhysicalStoreCode" />
    <result column="UPDATE_TIME" jdbcType="DATE" property="updateTime" />
    <result column="IS_REMOVED" jdbcType="VARCHAR" property="isRemoved" />
  </resultMap>
  <sql id="Base_Column_List">
    ID, STORE_CODE, STOCK_CODE, BRANCH_CODE, SALE_GRP_CODE, REAL_PHYSICAL_STORE_CODE, 
    UPDATE_TIME, IS_REMOVED
  </sql>
  <select id="selectByPrimaryKey" parameterType="java.lang.Integer" resultMap="BaseResultMap">
    select 
    <include refid="Base_Column_List" />
    from md_store_stock_branch
    where ID = #{id,jdbcType=INTEGER}
  </select>
  <delete id="deleteByPrimaryKey" parameterType="java.lang.Integer">
    delete from md_store_stock_branch
    where ID = #{id,jdbcType=INTEGER}
  </delete>
  <insert id="insert" parameterType="com.gome.scs.scsservice.emp.entity.MdStoreStockBranch">
    insert into md_store_stock_branch (ID, STORE_CODE, STOCK_CODE, 
      BRANCH_CODE, SALE_GRP_CODE, REAL_PHYSICAL_STORE_CODE, 
      UPDATE_TIME, IS_REMOVED)
    values (#{id,jdbcType=INTEGER}, #{storeCode,jdbcType=VARCHAR}, #{stockCode,jdbcType=VARCHAR}, 
      #{branchCode,jdbcType=VARCHAR}, #{saleGrpCode,jdbcType=VARCHAR}, #{realPhysicalStoreCode,jdbcType=VARCHAR}, 
      #{updateTime,jdbcType=DATE}, #{isRemoved,jdbcType=VARCHAR})
  </insert>
  <insert id="insertSelective" parameterType="com.gome.scs.scsservice.emp.entity.MdStoreStockBranch">
    insert into md_store_stock_branch
    <trim prefix="(" suffix=")" suffixOverrides=",">
      <if test="id != null">
        ID,
      </if>
      <if test="storeCode != null">
        STORE_CODE,
      </if>
      <if test="stockCode != null">
        STOCK_CODE,
      </if>
      <if test="branchCode != null">
        BRANCH_CODE,
      </if>
      <if test="saleGrpCode != null">
        SALE_GRP_CODE,
      </if>
      <if test="realPhysicalStoreCode != null">
        REAL_PHYSICAL_STORE_CODE,
      </if>
      <if test="updateTime != null">
        UPDATE_TIME,
      </if>
      <if test="isRemoved != null">
        IS_REMOVED,
      </if>
    </trim>
    <trim prefix="values (" suffix=")" suffixOverrides=",">
      <if test="id != null">
        #{id,jdbcType=INTEGER},
      </if>
      <if test="storeCode != null">
        #{storeCode,jdbcType=VARCHAR},
      </if>
      <if test="stockCode != null">
        #{stockCode,jdbcType=VARCHAR},
      </if>
      <if test="branchCode != null">
        #{branchCode,jdbcType=VARCHAR},
      </if>
      <if test="saleGrpCode != null">
        #{saleGrpCode,jdbcType=VARCHAR},
      </if>
      <if test="realPhysicalStoreCode != null">
        #{realPhysicalStoreCode,jdbcType=VARCHAR},
      </if>
      <if test="updateTime != null">
        #{updateTime,jdbcType=DATE},
      </if>
      <if test="isRemoved != null">
        #{isRemoved,jdbcType=VARCHAR},
      </if>
    </trim>
  </insert>
  <update id="updateByPrimaryKeySelective" parameterType="com.gome.scs.scsservice.emp.entity.MdStoreStockBranch">
    update md_store_stock_branch
    <set>
      <if test="storeCode != null">
        STORE_CODE = #{storeCode,jdbcType=VARCHAR},
      </if>
      <if test="stockCode != null">
        STOCK_CODE = #{stockCode,jdbcType=VARCHAR},
      </if>
      <if test="branchCode != null">
        BRANCH_CODE = #{branchCode,jdbcType=VARCHAR},
      </if>
      <if test="saleGrpCode != null">
        SALE_GRP_CODE = #{saleGrpCode,jdbcType=VARCHAR},
      </if>
      <if test="realPhysicalStoreCode != null">
        REAL_PHYSICAL_STORE_CODE = #{realPhysicalStoreCode,jdbcType=VARCHAR},
      </if>
      <if test="updateTime != null">
        UPDATE_TIME = #{updateTime,jdbcType=DATE},
      </if>
      <if test="isRemoved != null">
        IS_REMOVED = #{isRemoved,jdbcType=VARCHAR},
      </if>
    </set>
    where ID = #{id,jdbcType=INTEGER}
  </update>
  <update id="updateByPrimaryKey" parameterType="com.gome.scs.scsservice.emp.entity.MdStoreStockBranch">
    update md_store_stock_branch
    set STORE_CODE = #{storeCode,jdbcType=VARCHAR},
      STOCK_CODE = #{stockCode,jdbcType=VARCHAR},
      BRANCH_CODE = #{branchCode,jdbcType=VARCHAR},
      SALE_GRP_CODE = #{saleGrpCode,jdbcType=VARCHAR},
      REAL_PHYSICAL_STORE_CODE = #{realPhysicalStoreCode,jdbcType=VARCHAR},
      UPDATE_TIME = #{updateTime,jdbcType=DATE},
      IS_REMOVED = #{isRemoved,jdbcType=VARCHAR}
    where ID = #{id,jdbcType=INTEGER}
  </update>
</mapper>