<?xml version="1.0" encoding="UTF-8"?>
<!DOCTYPE mapper PUBLIC "-//mybatis.org//DTD Mapper 3.0//EN" "http://mybatis.org/dtd/mybatis-3-mapper.dtd">
<mapper namespace="com.gome.scs.scsservice.emp.mapper.MdSuppMapper">
  <resultMap id="BaseResultMap" type="com.gome.scs.scsservice.emp.entity.MdSupp">
    <id column="ID" jdbcType="INTEGER" property="id" />
    <result column="COMPANY_CODE" jdbcType="VARCHAR" property="companyCode" />
    <result column="BUYORG_CODE" jdbcType="VARCHAR" property="buyorgCode" />
    <result column="SUPP_CODE" jdbcType="VARCHAR" property="suppCode" />
    <result column="SUPP_TYPE_CODE" jdbcType="VARCHAR" property="suppTypeCode" />
    <result column="SUPP_NAME1" jdbcType="VARCHAR" property="suppName1" />
    <result column="SUPP_NAME2" jdbcType="VARCHAR" property="suppName2" />
    <result column="SUPP_NAME3" jdbcType="VARCHAR" property="suppName3" />
    <result column="SUPP_NAME4" jdbcType="VARCHAR" property="suppName4" />
    <result column="SUPP_INDEX" jdbcType="VARCHAR" property="suppIndex" />
    <result column="COMPANY_ATTR" jdbcType="VARCHAR" property="companyAttr" />
    <result column="SUPP_CLASS" jdbcType="VARCHAR" property="suppClass" />
    <result column="ADDRESS1" jdbcType="VARCHAR" property="address1" />
    <result column="PROVINCE" jdbcType="VARCHAR" property="province" />
    <result column="ADDRESS2" jdbcType="VARCHAR" property="address2" />
    <result column="ADDRESS3" jdbcType="VARCHAR" property="address3" />
    <result column="POSTCODE" jdbcType="VARCHAR" property="postcode" />
    <result column="CITY_CODE" jdbcType="VARCHAR" property="cityCode" />
    <result column="PROVINCE_CODE" jdbcType="VARCHAR" property="provinceCode" />
    <result column="COUNTRY_CODE" jdbcType="VARCHAR" property="countryCode" />
    <result column="TELEPHONE" jdbcType="VARCHAR" property="telephone" />
    <result column="MOBILE" jdbcType="VARCHAR" property="mobile" />
    <result column="FAX" jdbcType="VARCHAR" property="fax" />
    <result column="EMAIL" jdbcType="VARCHAR" property="email" />
    <result column="DUTY_CODE" jdbcType="VARCHAR" property="dutyCode" />
    <result column="LEGAL_PERSOM" jdbcType="VARCHAR" property="legalPersom" />
    <result column="COMPANY_CHARACTER" jdbcType="VARCHAR" property="companyCharacter" />
    <result column="INVOICE_LIMITE" jdbcType="VARCHAR" property="invoiceLimite" />
    <result column="REGISTE_FUNDS" jdbcType="VARCHAR" property="registeFunds" />
    <result column="BANK_COUNTRY" jdbcType="VARCHAR" property="bankCountry" />
    <result column="BANK_NUMBER" jdbcType="VARCHAR" property="bankNumber" />
    <result column="BANK_CODE" jdbcType="VARCHAR" property="bankCode" />
    <result column="BANK_ACCOUNT" jdbcType="VARCHAR" property="bankAccount" />
    <result column="BANK_NAME" jdbcType="VARCHAR" property="bankName" />
    <result column="BANK_PROVINCE" jdbcType="VARCHAR" property="bankProvince" />
    <result column="BANK_CITY" jdbcType="VARCHAR" property="bankCity" />
    <result column="BANK_ADDRESS" jdbcType="VARCHAR" property="bankAddress" />
    <result column="BANK_BRANCH" jdbcType="VARCHAR" property="bankBranch" />
    <result column="CHARGEMAN" jdbcType="VARCHAR" property="chargeman" />
    <result column="CHARGEMAN_TELEPHONE" jdbcType="VARCHAR" property="chargemanTelephone" />
    <result column="OPERATE_TYPE" jdbcType="VARCHAR" property="operateType" />
    <result column="REIN_SUBJECT" jdbcType="VARCHAR" property="reinSubject" />
    <result column="PROMPT" jdbcType="VARCHAR" property="prompt" />
    <result column="CASH_MANAGE" jdbcType="VARCHAR" property="cashManage" />
    <result column="SORT_CODE" jdbcType="VARCHAR" property="sortCode" />
    <result column="DOUBLE_CHECK" jdbcType="VARCHAR" property="doubleCheck" />
    <result column="PAY_MODE" jdbcType="VARCHAR" property="payMode" />
    <result column="ORDER_MONEY" jdbcType="VARCHAR" property="orderMoney" />
    <result column="INVOICE_CHECK_ON_RECEIVE" jdbcType="VARCHAR" property="invoiceCheckOnReceive" />
    <result column="INVOICE_CHECK_ON_SERVER" jdbcType="VARCHAR" property="invoiceCheckOnServer" />
    <result column="BUSINESS_TYPE" jdbcType="VARCHAR" property="businessType" />
    <result column="TRADE_PARTNER" jdbcType="VARCHAR" property="tradePartner" />
    <result column="CONSUMER" jdbcType="VARCHAR" property="consumer" />
    <result column="FIX_PRICE_GROUP" jdbcType="VARCHAR" property="fixPriceGroup" />
    <result column="BANK_ACCOUNTOWNER" jdbcType="VARCHAR" property="bankAccountowner" />
    <result column="UPDATE_TIME" jdbcType="TIMESTAMP" property="updateTime" />
    <result column="IS_REMOVED" jdbcType="VARCHAR" property="isRemoved" />
  </resultMap>
  <sql id="Base_Column_List">
    ID, COMPANY_CODE, BUYORG_CODE, SUPP_CODE, SUPP_TYPE_CODE, SUPP_NAME1, SUPP_NAME2, 
    SUPP_NAME3, SUPP_NAME4, SUPP_INDEX, COMPANY_ATTR, SUPP_CLASS, ADDRESS1, PROVINCE, 
    ADDRESS2, ADDRESS3, POSTCODE, CITY_CODE, PROVINCE_CODE, COUNTRY_CODE, TELEPHONE, 
    MOBILE, FAX, EMAIL, DUTY_CODE, LEGAL_PERSOM, COMPANY_CHARACTER, INVOICE_LIMITE, REGISTE_FUNDS, 
    BANK_COUNTRY, BANK_NUMBER, BANK_CODE, BANK_ACCOUNT, BANK_NAME, BANK_PROVINCE, BANK_CITY, 
    BANK_ADDRESS, BANK_BRANCH, CHARGEMAN, CHARGEMAN_TELEPHONE, OPERATE_TYPE, REIN_SUBJECT, 
    PROMPT, CASH_MANAGE, SORT_CODE, DOUBLE_CHECK, PAY_MODE, ORDER_MONEY, INVOICE_CHECK_ON_RECEIVE, 
    INVOICE_CHECK_ON_SERVER, BUSINESS_TYPE, TRADE_PARTNER, CONSUMER, FIX_PRICE_GROUP, 
    BANK_ACCOUNTOWNER, UPDATE_TIME, IS_REMOVED
  </sql>
  <select id="selectByPrimaryKey" parameterType="java.lang.Integer" resultMap="BaseResultMap">
    select 
    <include refid="Base_Column_List" />
    from md_supp
    where ID = #{id,jdbcType=INTEGER}
  </select>
  <delete id="deleteByPrimaryKey" parameterType="java.lang.Integer">
    delete from md_supp
    where ID = #{id,jdbcType=INTEGER}
  </delete>
  <insert id="insert" parameterType="com.gome.scs.scsservice.emp.entity.MdSupp">
    insert into md_supp (ID, COMPANY_CODE, BUYORG_CODE, 
      SUPP_CODE, SUPP_TYPE_CODE, SUPP_NAME1, 
      SUPP_NAME2, SUPP_NAME3, SUPP_NAME4, 
      SUPP_INDEX, COMPANY_ATTR, SUPP_CLASS, 
      ADDRESS1, PROVINCE, ADDRESS2, 
      ADDRESS3, POSTCODE, CITY_CODE, 
      PROVINCE_CODE, COUNTRY_CODE, TELEPHONE, 
      MOBILE, FAX, EMAIL, 
      DUTY_CODE, LEGAL_PERSOM, COMPANY_CHARACTER, 
      INVOICE_LIMITE, REGISTE_FUNDS, BANK_COUNTRY, 
      BANK_NUMBER, BANK_CODE, BANK_ACCOUNT, 
      BANK_NAME, BANK_PROVINCE, BANK_CITY, 
      BANK_ADDRESS, BANK_BRANCH, CHARGEMAN, 
      CHARGEMAN_TELEPHONE, OPERATE_TYPE, REIN_SUBJECT, 
      PROMPT, CASH_MANAGE, SORT_CODE, 
      DOUBLE_CHECK, PAY_MODE, ORDER_MONEY, 
      INVOICE_CHECK_ON_RECEIVE, INVOICE_CHECK_ON_SERVER, 
      BUSINESS_TYPE, TRADE_PARTNER, CONSUMER, 
      FIX_PRICE_GROUP, BANK_ACCOUNTOWNER, UPDATE_TIME, 
      IS_REMOVED)
    values (#{id,jdbcType=INTEGER}, #{companyCode,jdbcType=VARCHAR}, #{buyorgCode,jdbcType=VARCHAR}, 
      #{suppCode,jdbcType=VARCHAR}, #{suppTypeCode,jdbcType=VARCHAR}, #{suppName1,jdbcType=VARCHAR}, 
      #{suppName2,jdbcType=VARCHAR}, #{suppName3,jdbcType=VARCHAR}, #{suppName4,jdbcType=VARCHAR}, 
      #{suppIndex,jdbcType=VARCHAR}, #{companyAttr,jdbcType=VARCHAR}, #{suppClass,jdbcType=VARCHAR}, 
      #{address1,jdbcType=VARCHAR}, #{province,jdbcType=VARCHAR}, #{address2,jdbcType=VARCHAR}, 
      #{address3,jdbcType=VARCHAR}, #{postcode,jdbcType=VARCHAR}, #{cityCode,jdbcType=VARCHAR}, 
      #{provinceCode,jdbcType=VARCHAR}, #{countryCode,jdbcType=VARCHAR}, #{telephone,jdbcType=VARCHAR}, 
      #{mobile,jdbcType=VARCHAR}, #{fax,jdbcType=VARCHAR}, #{email,jdbcType=VARCHAR}, 
      #{dutyCode,jdbcType=VARCHAR}, #{legalPersom,jdbcType=VARCHAR}, #{companyCharacter,jdbcType=VARCHAR}, 
      #{invoiceLimite,jdbcType=VARCHAR}, #{registeFunds,jdbcType=VARCHAR}, #{bankCountry,jdbcType=VARCHAR}, 
      #{bankNumber,jdbcType=VARCHAR}, #{bankCode,jdbcType=VARCHAR}, #{bankAccount,jdbcType=VARCHAR}, 
      #{bankName,jdbcType=VARCHAR}, #{bankProvince,jdbcType=VARCHAR}, #{bankCity,jdbcType=VARCHAR}, 
      #{bankAddress,jdbcType=VARCHAR}, #{bankBranch,jdbcType=VARCHAR}, #{chargeman,jdbcType=VARCHAR}, 
      #{chargemanTelephone,jdbcType=VARCHAR}, #{operateType,jdbcType=VARCHAR}, #{reinSubject,jdbcType=VARCHAR}, 
      #{prompt,jdbcType=VARCHAR}, #{cashManage,jdbcType=VARCHAR}, #{sortCode,jdbcType=VARCHAR}, 
      #{doubleCheck,jdbcType=VARCHAR}, #{payMode,jdbcType=VARCHAR}, #{orderMoney,jdbcType=VARCHAR}, 
      #{invoiceCheckOnReceive,jdbcType=VARCHAR}, #{invoiceCheckOnServer,jdbcType=VARCHAR}, 
      #{businessType,jdbcType=VARCHAR}, #{tradePartner,jdbcType=VARCHAR}, #{consumer,jdbcType=VARCHAR}, 
      #{fixPriceGroup,jdbcType=VARCHAR}, #{bankAccountowner,jdbcType=VARCHAR}, #{updateTime,jdbcType=TIMESTAMP}, 
      #{isRemoved,jdbcType=VARCHAR})
  </insert>
  <insert id="insertSelective" parameterType="com.gome.scs.scsservice.emp.entity.MdSupp">
    insert into md_supp
    <trim prefix="(" suffix=")" suffixOverrides=",">
      <if test="id != null">
        ID,
      </if>
      <if test="companyCode != null">
        COMPANY_CODE,
      </if>
      <if test="buyorgCode != null">
        BUYORG_CODE,
      </if>
      <if test="suppCode != null">
        SUPP_CODE,
      </if>
      <if test="suppTypeCode != null">
        SUPP_TYPE_CODE,
      </if>
      <if test="suppName1 != null">
        SUPP_NAME1,
      </if>
      <if test="suppName2 != null">
        SUPP_NAME2,
      </if>
      <if test="suppName3 != null">
        SUPP_NAME3,
      </if>
      <if test="suppName4 != null">
        SUPP_NAME4,
      </if>
      <if test="suppIndex != null">
        SUPP_INDEX,
      </if>
      <if test="companyAttr != null">
        COMPANY_ATTR,
      </if>
      <if test="suppClass != null">
        SUPP_CLASS,
      </if>
      <if test="address1 != null">
        ADDRESS1,
      </if>
      <if test="province != null">
        PROVINCE,
      </if>
      <if test="address2 != null">
        ADDRESS2,
      </if>
      <if test="address3 != null">
        ADDRESS3,
      </if>
      <if test="postcode != null">
        POSTCODE,
      </if>
      <if test="cityCode != null">
        CITY_CODE,
      </if>
      <if test="provinceCode != null">
        PROVINCE_CODE,
      </if>
      <if test="countryCode != null">
        COUNTRY_CODE,
      </if>
      <if test="telephone != null">
        TELEPHONE,
      </if>
      <if test="mobile != null">
        MOBILE,
      </if>
      <if test="fax != null">
        FAX,
      </if>
      <if test="email != null">
        EMAIL,
      </if>
      <if test="dutyCode != null">
        DUTY_CODE,
      </if>
      <if test="legalPersom != null">
        LEGAL_PERSOM,
      </if>
      <if test="companyCharacter != null">
        COMPANY_CHARACTER,
      </if>
      <if test="invoiceLimite != null">
        INVOICE_LIMITE,
      </if>
      <if test="registeFunds != null">
        REGISTE_FUNDS,
      </if>
      <if test="bankCountry != null">
        BANK_COUNTRY,
      </if>
      <if test="bankNumber != null">
        BANK_NUMBER,
      </if>
      <if test="bankCode != null">
        BANK_CODE,
      </if>
      <if test="bankAccount != null">
        BANK_ACCOUNT,
      </if>
      <if test="bankName != null">
        BANK_NAME,
      </if>
      <if test="bankProvince != null">
        BANK_PROVINCE,
      </if>
      <if test="bankCity != null">
        BANK_CITY,
      </if>
      <if test="bankAddress != null">
        BANK_ADDRESS,
      </if>
      <if test="bankBranch != null">
        BANK_BRANCH,
      </if>
      <if test="chargeman != null">
        CHARGEMAN,
      </if>
      <if test="chargemanTelephone != null">
        CHARGEMAN_TELEPHONE,
      </if>
      <if test="operateType != null">
        OPERATE_TYPE,
      </if>
      <if test="reinSubject != null">
        REIN_SUBJECT,
      </if>
      <if test="prompt != null">
        PROMPT,
      </if>
      <if test="cashManage != null">
        CASH_MANAGE,
      </if>
      <if test="sortCode != null">
        SORT_CODE,
      </if>
      <if test="doubleCheck != null">
        DOUBLE_CHECK,
      </if>
      <if test="payMode != null">
        PAY_MODE,
      </if>
      <if test="orderMoney != null">
        ORDER_MONEY,
      </if>
      <if test="invoiceCheckOnReceive != null">
        INVOICE_CHECK_ON_RECEIVE,
      </if>
      <if test="invoiceCheckOnServer != null">
        INVOICE_CHECK_ON_SERVER,
      </if>
      <if test="businessType != null">
        BUSINESS_TYPE,
      </if>
      <if test="tradePartner != null">
        TRADE_PARTNER,
      </if>
      <if test="consumer != null">
        CONSUMER,
      </if>
      <if test="fixPriceGroup != null">
        FIX_PRICE_GROUP,
      </if>
      <if test="bankAccountowner != null">
        BANK_ACCOUNTOWNER,
      </if>
      <if test="updateTime != null">
        UPDATE_TIME,
      </if>
      <if test="isRemoved != null">
        IS_REMOVED,
      </if>
    </trim>
    <trim prefix="values (" suffix=")" suffixOverrides=",">
      <if test="id != null">
        #{id,jdbcType=INTEGER},
      </if>
      <if test="companyCode != null">
        #{companyCode,jdbcType=VARCHAR},
      </if>
      <if test="buyorgCode != null">
        #{buyorgCode,jdbcType=VARCHAR},
      </if>
      <if test="suppCode != null">
        #{suppCode,jdbcType=VARCHAR},
      </if>
      <if test="suppTypeCode != null">
        #{suppTypeCode,jdbcType=VARCHAR},
      </if>
      <if test="suppName1 != null">
        #{suppName1,jdbcType=VARCHAR},
      </if>
      <if test="suppName2 != null">
        #{suppName2,jdbcType=VARCHAR},
      </if>
      <if test="suppName3 != null">
        #{suppName3,jdbcType=VARCHAR},
      </if>
      <if test="suppName4 != null">
        #{suppName4,jdbcType=VARCHAR},
      </if>
      <if test="suppIndex != null">
        #{suppIndex,jdbcType=VARCHAR},
      </if>
      <if test="companyAttr != null">
        #{companyAttr,jdbcType=VARCHAR},
      </if>
      <if test="suppClass != null">
        #{suppClass,jdbcType=VARCHAR},
      </if>
      <if test="address1 != null">
        #{address1,jdbcType=VARCHAR},
      </if>
      <if test="province != null">
        #{province,jdbcType=VARCHAR},
      </if>
      <if test="address2 != null">
        #{address2,jdbcType=VARCHAR},
      </if>
      <if test="address3 != null">
        #{address3,jdbcType=VARCHAR},
      </if>
      <if test="postcode != null">
        #{postcode,jdbcType=VARCHAR},
      </if>
      <if test="cityCode != null">
        #{cityCode,jdbcType=VARCHAR},
      </if>
      <if test="provinceCode != null">
        #{provinceCode,jdbcType=VARCHAR},
      </if>
      <if test="countryCode != null">
        #{countryCode,jdbcType=VARCHAR},
      </if>
      <if test="telephone != null">
        #{telephone,jdbcType=VARCHAR},
      </if>
      <if test="mobile != null">
        #{mobile,jdbcType=VARCHAR},
      </if>
      <if test="fax != null">
        #{fax,jdbcType=VARCHAR},
      </if>
      <if test="email != null">
        #{email,jdbcType=VARCHAR},
      </if>
      <if test="dutyCode != null">
        #{dutyCode,jdbcType=VARCHAR},
      </if>
      <if test="legalPersom != null">
        #{legalPersom,jdbcType=VARCHAR},
      </if>
      <if test="companyCharacter != null">
        #{companyCharacter,jdbcType=VARCHAR},
      </if>
      <if test="invoiceLimite != null">
        #{invoiceLimite,jdbcType=VARCHAR},
      </if>
      <if test="registeFunds != null">
        #{registeFunds,jdbcType=VARCHAR},
      </if>
      <if test="bankCountry != null">
        #{bankCountry,jdbcType=VARCHAR},
      </if>
      <if test="bankNumber != null">
        #{bankNumber,jdbcType=VARCHAR},
      </if>
      <if test="bankCode != null">
        #{bankCode,jdbcType=VARCHAR},
      </if>
      <if test="bankAccount != null">
        #{bankAccount,jdbcType=VARCHAR},
      </if>
      <if test="bankName != null">
        #{bankName,jdbcType=VARCHAR},
      </if>
      <if test="bankProvince != null">
        #{bankProvince,jdbcType=VARCHAR},
      </if>
      <if test="bankCity != null">
        #{bankCity,jdbcType=VARCHAR},
      </if>
      <if test="bankAddress != null">
        #{bankAddress,jdbcType=VARCHAR},
      </if>
      <if test="bankBranch != null">
        #{bankBranch,jdbcType=VARCHAR},
      </if>
      <if test="chargeman != null">
        #{chargeman,jdbcType=VARCHAR},
      </if>
      <if test="chargemanTelephone != null">
        #{chargemanTelephone,jdbcType=VARCHAR},
      </if>
      <if test="operateType != null">
        #{operateType,jdbcType=VARCHAR},
      </if>
      <if test="reinSubject != null">
        #{reinSubject,jdbcType=VARCHAR},
      </if>
      <if test="prompt != null">
        #{prompt,jdbcType=VARCHAR},
      </if>
      <if test="cashManage != null">
        #{cashManage,jdbcType=VARCHAR},
      </if>
      <if test="sortCode != null">
        #{sortCode,jdbcType=VARCHAR},
      </if>
      <if test="doubleCheck != null">
        #{doubleCheck,jdbcType=VARCHAR},
      </if>
      <if test="payMode != null">
        #{payMode,jdbcType=VARCHAR},
      </if>
      <if test="orderMoney != null">
        #{orderMoney,jdbcType=VARCHAR},
      </if>
      <if test="invoiceCheckOnReceive != null">
        #{invoiceCheckOnReceive,jdbcType=VARCHAR},
      </if>
      <if test="invoiceCheckOnServer != null">
        #{invoiceCheckOnServer,jdbcType=VARCHAR},
      </if>
      <if test="businessType != null">
        #{businessType,jdbcType=VARCHAR},
      </if>
      <if test="tradePartner != null">
        #{tradePartner,jdbcType=VARCHAR},
      </if>
      <if test="consumer != null">
        #{consumer,jdbcType=VARCHAR},
      </if>
      <if test="fixPriceGroup != null">
        #{fixPriceGroup,jdbcType=VARCHAR},
      </if>
      <if test="bankAccountowner != null">
        #{bankAccountowner,jdbcType=VARCHAR},
      </if>
      <if test="updateTime != null">
        #{updateTime,jdbcType=TIMESTAMP},
      </if>
      <if test="isRemoved != null">
        #{isRemoved,jdbcType=VARCHAR},
      </if>
    </trim>
  </insert>
  <update id="updateByPrimaryKeySelective" parameterType="com.gome.scs.scsservice.emp.entity.MdSupp">
    update md_supp
    <set>
      <if test="companyCode != null">
        COMPANY_CODE = #{companyCode,jdbcType=VARCHAR},
      </if>
      <if test="buyorgCode != null">
        BUYORG_CODE = #{buyorgCode,jdbcType=VARCHAR},
      </if>
      <if test="suppCode != null">
        SUPP_CODE = #{suppCode,jdbcType=VARCHAR},
      </if>
      <if test="suppTypeCode != null">
        SUPP_TYPE_CODE = #{suppTypeCode,jdbcType=VARCHAR},
      </if>
      <if test="suppName1 != null">
        SUPP_NAME1 = #{suppName1,jdbcType=VARCHAR},
      </if>
      <if test="suppName2 != null">
        SUPP_NAME2 = #{suppName2,jdbcType=VARCHAR},
      </if>
      <if test="suppName3 != null">
        SUPP_NAME3 = #{suppName3,jdbcType=VARCHAR},
      </if>
      <if test="suppName4 != null">
        SUPP_NAME4 = #{suppName4,jdbcType=VARCHAR},
      </if>
      <if test="suppIndex != null">
        SUPP_INDEX = #{suppIndex,jdbcType=VARCHAR},
      </if>
      <if test="companyAttr != null">
        COMPANY_ATTR = #{companyAttr,jdbcType=VARCHAR},
      </if>
      <if test="suppClass != null">
        SUPP_CLASS = #{suppClass,jdbcType=VARCHAR},
      </if>
      <if test="address1 != null">
        ADDRESS1 = #{address1,jdbcType=VARCHAR},
      </if>
      <if test="province != null">
        PROVINCE = #{province,jdbcType=VARCHAR},
      </if>
      <if test="address2 != null">
        ADDRESS2 = #{address2,jdbcType=VARCHAR},
      </if>
      <if test="address3 != null">
        ADDRESS3 = #{address3,jdbcType=VARCHAR},
      </if>
      <if test="postcode != null">
        POSTCODE = #{postcode,jdbcType=VARCHAR},
      </if>
      <if test="cityCode != null">
        CITY_CODE = #{cityCode,jdbcType=VARCHAR},
      </if>
      <if test="provinceCode != null">
        PROVINCE_CODE = #{provinceCode,jdbcType=VARCHAR},
      </if>
      <if test="countryCode != null">
        COUNTRY_CODE = #{countryCode,jdbcType=VARCHAR},
      </if>
      <if test="telephone != null">
        TELEPHONE = #{telephone,jdbcType=VARCHAR},
      </if>
      <if test="mobile != null">
        MOBILE = #{mobile,jdbcType=VARCHAR},
      </if>
      <if test="fax != null">
        FAX = #{fax,jdbcType=VARCHAR},
      </if>
      <if test="email != null">
        EMAIL = #{email,jdbcType=VARCHAR},
      </if>
      <if test="dutyCode != null">
        DUTY_CODE = #{dutyCode,jdbcType=VARCHAR},
      </if>
      <if test="legalPersom != null">
        LEGAL_PERSOM = #{legalPersom,jdbcType=VARCHAR},
      </if>
      <if test="companyCharacter != null">
        COMPANY_CHARACTER = #{companyCharacter,jdbcType=VARCHAR},
      </if>
      <if test="invoiceLimite != null">
        INVOICE_LIMITE = #{invoiceLimite,jdbcType=VARCHAR},
      </if>
      <if test="registeFunds != null">
        REGISTE_FUNDS = #{registeFunds,jdbcType=VARCHAR},
      </if>
      <if test="bankCountry != null">
        BANK_COUNTRY = #{bankCountry,jdbcType=VARCHAR},
      </if>
      <if test="bankNumber != null">
        BANK_NUMBER = #{bankNumber,jdbcType=VARCHAR},
      </if>
      <if test="bankCode != null">
        BANK_CODE = #{bankCode,jdbcType=VARCHAR},
      </if>
      <if test="bankAccount != null">
        BANK_ACCOUNT = #{bankAccount,jdbcType=VARCHAR},
      </if>
      <if test="bankName != null">
        BANK_NAME = #{bankName,jdbcType=VARCHAR},
      </if>
      <if test="bankProvince != null">
        BANK_PROVINCE = #{bankProvince,jdbcType=VARCHAR},
      </if>
      <if test="bankCity != null">
        BANK_CITY = #{bankCity,jdbcType=VARCHAR},
      </if>
      <if test="bankAddress != null">
        BANK_ADDRESS = #{bankAddress,jdbcType=VARCHAR},
      </if>
      <if test="bankBranch != null">
        BANK_BRANCH = #{bankBranch,jdbcType=VARCHAR},
      </if>
      <if test="chargeman != null">
        CHARGEMAN = #{chargeman,jdbcType=VARCHAR},
      </if>
      <if test="chargemanTelephone != null">
        CHARGEMAN_TELEPHONE = #{chargemanTelephone,jdbcType=VARCHAR},
      </if>
      <if test="operateType != null">
        OPERATE_TYPE = #{operateType,jdbcType=VARCHAR},
      </if>
      <if test="reinSubject != null">
        REIN_SUBJECT = #{reinSubject,jdbcType=VARCHAR},
      </if>
      <if test="prompt != null">
        PROMPT = #{prompt,jdbcType=VARCHAR},
      </if>
      <if test="cashManage != null">
        CASH_MANAGE = #{cashManage,jdbcType=VARCHAR},
      </if>
      <if test="sortCode != null">
        SORT_CODE = #{sortCode,jdbcType=VARCHAR},
      </if>
      <if test="doubleCheck != null">
        DOUBLE_CHECK = #{doubleCheck,jdbcType=VARCHAR},
      </if>
      <if test="payMode != null">
        PAY_MODE = #{payMode,jdbcType=VARCHAR},
      </if>
      <if test="orderMoney != null">
        ORDER_MONEY = #{orderMoney,jdbcType=VARCHAR},
      </if>
      <if test="invoiceCheckOnReceive != null">
        INVOICE_CHECK_ON_RECEIVE = #{invoiceCheckOnReceive,jdbcType=VARCHAR},
      </if>
      <if test="invoiceCheckOnServer != null">
        INVOICE_CHECK_ON_SERVER = #{invoiceCheckOnServer,jdbcType=VARCHAR},
      </if>
      <if test="businessType != null">
        BUSINESS_TYPE = #{businessType,jdbcType=VARCHAR},
      </if>
      <if test="tradePartner != null">
        TRADE_PARTNER = #{tradePartner,jdbcType=VARCHAR},
      </if>
      <if test="consumer != null">
        CONSUMER = #{consumer,jdbcType=VARCHAR},
      </if>
      <if test="fixPriceGroup != null">
        FIX_PRICE_GROUP = #{fixPriceGroup,jdbcType=VARCHAR},
      </if>
      <if test="bankAccountowner != null">
        BANK_ACCOUNTOWNER = #{bankAccountowner,jdbcType=VARCHAR},
      </if>
      <if test="updateTime != null">
        UPDATE_TIME = #{updateTime,jdbcType=TIMESTAMP},
      </if>
      <if test="isRemoved != null">
        IS_REMOVED = #{isRemoved,jdbcType=VARCHAR},
      </if>
    </set>
    where ID = #{id,jdbcType=INTEGER}
  </update>
  <update id="updateByPrimaryKey" parameterType="com.gome.scs.scsservice.emp.entity.MdSupp">
    update md_supp
    set COMPANY_CODE = #{companyCode,jdbcType=VARCHAR},
      BUYORG_CODE = #{buyorgCode,jdbcType=VARCHAR},
      SUPP_CODE = #{suppCode,jdbcType=VARCHAR},
      SUPP_TYPE_CODE = #{suppTypeCode,jdbcType=VARCHAR},
      SUPP_NAME1 = #{suppName1,jdbcType=VARCHAR},
      SUPP_NAME2 = #{suppName2,jdbcType=VARCHAR},
      SUPP_NAME3 = #{suppName3,jdbcType=VARCHAR},
      SUPP_NAME4 = #{suppName4,jdbcType=VARCHAR},
      SUPP_INDEX = #{suppIndex,jdbcType=VARCHAR},
      COMPANY_ATTR = #{companyAttr,jdbcType=VARCHAR},
      SUPP_CLASS = #{suppClass,jdbcType=VARCHAR},
      ADDRESS1 = #{address1,jdbcType=VARCHAR},
      PROVINCE = #{province,jdbcType=VARCHAR},
      ADDRESS2 = #{address2,jdbcType=VARCHAR},
      ADDRESS3 = #{address3,jdbcType=VARCHAR},
      POSTCODE = #{postcode,jdbcType=VARCHAR},
      CITY_CODE = #{cityCode,jdbcType=VARCHAR},
      PROVINCE_CODE = #{provinceCode,jdbcType=VARCHAR},
      COUNTRY_CODE = #{countryCode,jdbcType=VARCHAR},
      TELEPHONE = #{telephone,jdbcType=VARCHAR},
      MOBILE = #{mobile,jdbcType=VARCHAR},
      FAX = #{fax,jdbcType=VARCHAR},
      EMAIL = #{email,jdbcType=VARCHAR},
      DUTY_CODE = #{dutyCode,jdbcType=VARCHAR},
      LEGAL_PERSOM = #{legalPersom,jdbcType=VARCHAR},
      COMPANY_CHARACTER = #{companyCharacter,jdbcType=VARCHAR},
      INVOICE_LIMITE = #{invoiceLimite,jdbcType=VARCHAR},
      REGISTE_FUNDS = #{registeFunds,jdbcType=VARCHAR},
      BANK_COUNTRY = #{bankCountry,jdbcType=VARCHAR},
      BANK_NUMBER = #{bankNumber,jdbcType=VARCHAR},
      BANK_CODE = #{bankCode,jdbcType=VARCHAR},
      BANK_ACCOUNT = #{bankAccount,jdbcType=VARCHAR},
      BANK_NAME = #{bankName,jdbcType=VARCHAR},
      BANK_PROVINCE = #{bankProvince,jdbcType=VARCHAR},
      BANK_CITY = #{bankCity,jdbcType=VARCHAR},
      BANK_ADDRESS = #{bankAddress,jdbcType=VARCHAR},
      BANK_BRANCH = #{bankBranch,jdbcType=VARCHAR},
      CHARGEMAN = #{chargeman,jdbcType=VARCHAR},
      CHARGEMAN_TELEPHONE = #{chargemanTelephone,jdbcType=VARCHAR},
      OPERATE_TYPE = #{operateType,jdbcType=VARCHAR},
      REIN_SUBJECT = #{reinSubject,jdbcType=VARCHAR},
      PROMPT = #{prompt,jdbcType=VARCHAR},
      CASH_MANAGE = #{cashManage,jdbcType=VARCHAR},
      SORT_CODE = #{sortCode,jdbcType=VARCHAR},
      DOUBLE_CHECK = #{doubleCheck,jdbcType=VARCHAR},
      PAY_MODE = #{payMode,jdbcType=VARCHAR},
      ORDER_MONEY = #{orderMoney,jdbcType=VARCHAR},
      INVOICE_CHECK_ON_RECEIVE = #{invoiceCheckOnReceive,jdbcType=VARCHAR},
      INVOICE_CHECK_ON_SERVER = #{invoiceCheckOnServer,jdbcType=VARCHAR},
      BUSINESS_TYPE = #{businessType,jdbcType=VARCHAR},
      TRADE_PARTNER = #{tradePartner,jdbcType=VARCHAR},
      CONSUMER = #{consumer,jdbcType=VARCHAR},
      FIX_PRICE_GROUP = #{fixPriceGroup,jdbcType=VARCHAR},
      BANK_ACCOUNTOWNER = #{bankAccountowner,jdbcType=VARCHAR},
      UPDATE_TIME = #{updateTime,jdbcType=TIMESTAMP},
      IS_REMOVED = #{isRemoved,jdbcType=VARCHAR}
    where ID = #{id,jdbcType=INTEGER}
  </update>
</mapper>