<?xml version="1.0" encoding="UTF-8"?>
<!DOCTYPE mapper PUBLIC "-//mybatis.org//DTD Mapper 3.0//EN" "http://mybatis.org/dtd/mybatis-3-mapper.dtd">
<mapper namespace="com.gome.scs.scsservice.emp.mapper.MdSuppBuyorgMapper">
  <resultMap id="BaseResultMap" type="com.gome.scs.scsservice.emp.entity.MdSuppBuyorg">
    <id column="ID" jdbcType="INTEGER" property="id" />
    <result column="INVOICE_CHECK_ON_RECEIVE" jdbcType="VARCHAR" property="invoiceCheckOnReceive" />
    <result column="INVOICE_CHECK_ON_SERVER" jdbcType="VARCHAR" property="invoiceCheckOnServer" />
    <result column="FIX_PRICE_GROUP" jdbcType="VARCHAR" property="fixPriceGroup" />
    <result column="ORDER_MONEY" jdbcType="VARCHAR" property="orderMoney" />
    <result column="BUYORG" jdbcType="VARCHAR" property="buyorg" />
    <result column="BUYORG_NAME" jdbcType="VARCHAR" property="buyorgName" />
    <result column="SUPP_CODE" jdbcType="VARCHAR" property="suppCode" />
    <result column="SUPP_NAME" jdbcType="VARCHAR" property="suppName" />
    <result column="PROMPT" jdbcType="VARCHAR" property="prompt" />
    <result column="UPDATE_TIME" jdbcType="TIMESTAMP" property="updateTime" />
    <result column="IS_REMOVED" jdbcType="VARCHAR" property="isRemoved" />
  </resultMap>
  <sql id="Base_Column_List">
    ID, INVOICE_CHECK_ON_RECEIVE, INVOICE_CHECK_ON_SERVER, FIX_PRICE_GROUP, ORDER_MONEY, 
    BUYORG, BUYORG_NAME, SUPP_CODE, SUPP_NAME, PROMPT, UPDATE_TIME, IS_REMOVED
  </sql>
  <select id="selectByPrimaryKey" parameterType="java.lang.Integer" resultMap="BaseResultMap">
    select 
    <include refid="Base_Column_List" />
    from md_supp_buyorg
    where ID = #{id,jdbcType=INTEGER}
  </select>
  <delete id="deleteByPrimaryKey" parameterType="java.lang.Integer">
    delete from md_supp_buyorg
    where ID = #{id,jdbcType=INTEGER}
  </delete>
  <insert id="insert" parameterType="com.gome.scs.scsservice.emp.entity.MdSuppBuyorg">
    insert into md_supp_buyorg (ID, INVOICE_CHECK_ON_RECEIVE, INVOICE_CHECK_ON_SERVER, 
      FIX_PRICE_GROUP, ORDER_MONEY, BUYORG, 
      BUYORG_NAME, SUPP_CODE, SUPP_NAME, 
      PROMPT, UPDATE_TIME, IS_REMOVED
      )
    values (#{id,jdbcType=INTEGER}, #{invoiceCheckOnReceive,jdbcType=VARCHAR}, #{invoiceCheckOnServer,jdbcType=VARCHAR}, 
      #{fixPriceGroup,jdbcType=VARCHAR}, #{orderMoney,jdbcType=VARCHAR}, #{buyorg,jdbcType=VARCHAR}, 
      #{buyorgName,jdbcType=VARCHAR}, #{suppCode,jdbcType=VARCHAR}, #{suppName,jdbcType=VARCHAR}, 
      #{prompt,jdbcType=VARCHAR}, #{updateTime,jdbcType=TIMESTAMP}, #{isRemoved,jdbcType=VARCHAR}
      )
  </insert>
  <insert id="insertSelective" parameterType="com.gome.scs.scsservice.emp.entity.MdSuppBuyorg">
    insert into md_supp_buyorg
    <trim prefix="(" suffix=")" suffixOverrides=",">
      <if test="id != null">
        ID,
      </if>
      <if test="invoiceCheckOnReceive != null">
        INVOICE_CHECK_ON_RECEIVE,
      </if>
      <if test="invoiceCheckOnServer != null">
        INVOICE_CHECK_ON_SERVER,
      </if>
      <if test="fixPriceGroup != null">
        FIX_PRICE_GROUP,
      </if>
      <if test="orderMoney != null">
        ORDER_MONEY,
      </if>
      <if test="buyorg != null">
        BUYORG,
      </if>
      <if test="buyorgName != null">
        BUYORG_NAME,
      </if>
      <if test="suppCode != null">
        SUPP_CODE,
      </if>
      <if test="suppName != null">
        SUPP_NAME,
      </if>
      <if test="prompt != null">
        PROMPT,
      </if>
      <if test="updateTime != null">
        UPDATE_TIME,
      </if>
      <if test="isRemoved != null">
        IS_REMOVED,
      </if>
    </trim>
    <trim prefix="values (" suffix=")" suffixOverrides=",">
      <if test="id != null">
        #{id,jdbcType=INTEGER},
      </if>
      <if test="invoiceCheckOnReceive != null">
        #{invoiceCheckOnReceive,jdbcType=VARCHAR},
      </if>
      <if test="invoiceCheckOnServer != null">
        #{invoiceCheckOnServer,jdbcType=VARCHAR},
      </if>
      <if test="fixPriceGroup != null">
        #{fixPriceGroup,jdbcType=VARCHAR},
      </if>
      <if test="orderMoney != null">
        #{orderMoney,jdbcType=VARCHAR},
      </if>
      <if test="buyorg != null">
        #{buyorg,jdbcType=VARCHAR},
      </if>
      <if test="buyorgName != null">
        #{buyorgName,jdbcType=VARCHAR},
      </if>
      <if test="suppCode != null">
        #{suppCode,jdbcType=VARCHAR},
      </if>
      <if test="suppName != null">
        #{suppName,jdbcType=VARCHAR},
      </if>
      <if test="prompt != null">
        #{prompt,jdbcType=VARCHAR},
      </if>
      <if test="updateTime != null">
        #{updateTime,jdbcType=TIMESTAMP},
      </if>
      <if test="isRemoved != null">
        #{isRemoved,jdbcType=VARCHAR},
      </if>
    </trim>
  </insert>
  <update id="updateByPrimaryKeySelective" parameterType="com.gome.scs.scsservice.emp.entity.MdSuppBuyorg">
    update md_supp_buyorg
    <set>
      <if test="invoiceCheckOnReceive != null">
        INVOICE_CHECK_ON_RECEIVE = #{invoiceCheckOnReceive,jdbcType=VARCHAR},
      </if>
      <if test="invoiceCheckOnServer != null">
        INVOICE_CHECK_ON_SERVER = #{invoiceCheckOnServer,jdbcType=VARCHAR},
      </if>
      <if test="fixPriceGroup != null">
        FIX_PRICE_GROUP = #{fixPriceGroup,jdbcType=VARCHAR},
      </if>
      <if test="orderMoney != null">
        ORDER_MONEY = #{orderMoney,jdbcType=VARCHAR},
      </if>
      <if test="buyorg != null">
        BUYORG = #{buyorg,jdbcType=VARCHAR},
      </if>
      <if test="buyorgName != null">
        BUYORG_NAME = #{buyorgName,jdbcType=VARCHAR},
      </if>
      <if test="suppCode != null">
        SUPP_CODE = #{suppCode,jdbcType=VARCHAR},
      </if>
      <if test="suppName != null">
        SUPP_NAME = #{suppName,jdbcType=VARCHAR},
      </if>
      <if test="prompt != null">
        PROMPT = #{prompt,jdbcType=VARCHAR},
      </if>
      <if test="updateTime != null">
        UPDATE_TIME = #{updateTime,jdbcType=TIMESTAMP},
      </if>
      <if test="isRemoved != null">
        IS_REMOVED = #{isRemoved,jdbcType=VARCHAR},
      </if>
    </set>
    where ID = #{id,jdbcType=INTEGER}
  </update>
  <update id="updateByPrimaryKey" parameterType="com.gome.scs.scsservice.emp.entity.MdSuppBuyorg">
    update md_supp_buyorg
    set INVOICE_CHECK_ON_RECEIVE = #{invoiceCheckOnReceive,jdbcType=VARCHAR},
      INVOICE_CHECK_ON_SERVER = #{invoiceCheckOnServer,jdbcType=VARCHAR},
      FIX_PRICE_GROUP = #{fixPriceGroup,jdbcType=VARCHAR},
      ORDER_MONEY = #{orderMoney,jdbcType=VARCHAR},
      BUYORG = #{buyorg,jdbcType=VARCHAR},
      BUYORG_NAME = #{buyorgName,jdbcType=VARCHAR},
      SUPP_CODE = #{suppCode,jdbcType=VARCHAR},
      SUPP_NAME = #{suppName,jdbcType=VARCHAR},
      PROMPT = #{prompt,jdbcType=VARCHAR},
      UPDATE_TIME = #{updateTime,jdbcType=TIMESTAMP},
      IS_REMOVED = #{isRemoved,jdbcType=VARCHAR}
    where ID = #{id,jdbcType=INTEGER}
  </update>
</mapper>