<?xml version="1.0" encoding="UTF-8"?>
<!DOCTYPE mapper PUBLIC "-//mybatis.org//DTD Mapper 3.0//EN" "http://mybatis.org/dtd/mybatis-3-mapper.dtd">
<mapper namespace="com.gome.scs.scsservice.emp.mapper.MdSuppCompanyMapper">
  <resultMap id="BaseResultMap" type="com.gome.scs.scsservice.emp.entity.MdSuppCompany">
    <id column="ID" jdbcType="INTEGER" property="id" />
    <result column="SUPP_CODE" jdbcType="VARCHAR" property="suppCode" />
    <result column="SUPP_NAME" jdbcType="VARCHAR" property="suppName" />
    <result column="COMPANY_CODE" jdbcType="VARCHAR" property="companyCode" />
    <result column="COMPANY_NAME" jdbcType="VARCHAR" property="companyName" />
    <result column="OPERATE_METHOD" jdbcType="VARCHAR" property="operateMethod" />
    <result column="REIN_SUBJECT_CODE" jdbcType="VARCHAR" property="reinSubjectCode" />
    <result column="PROMPT" jdbcType="VARCHAR" property="prompt" />
    <result column="CASH_MANAGE" jdbcType="VARCHAR" property="cashManage" />
    <result column="SORT_CODE" jdbcType="VARCHAR" property="sortCode" />
    <result column="PAY_MODE" jdbcType="VARCHAR" property="payMode" />
    <result column="APPROVE_GROUP" jdbcType="VARCHAR" property="approveGroup" />
    <result column="DOUBLE_CHECK" jdbcType="VARCHAR" property="doubleCheck" />
    <result column="PLATFORM_MERCHANT_CODE" jdbcType="VARCHAR" property="platformMerchantCode" />
    <result column="UPDATE_TIME" jdbcType="TIMESTAMP" property="updateTime" />
    <result column="IS_REMOVED" jdbcType="VARCHAR" property="isRemoved" />
  </resultMap>
  <sql id="Base_Column_List">
    ID, SUPP_CODE, SUPP_NAME, COMPANY_CODE, COMPANY_NAME, OPERATE_METHOD, REIN_SUBJECT_CODE, 
    PROMPT, CASH_MANAGE, SORT_CODE, PAY_MODE, APPROVE_GROUP, DOUBLE_CHECK, PLATFORM_MERCHANT_CODE, 
    UPDATE_TIME, IS_REMOVED
  </sql>
  <select id="selectByPrimaryKey" parameterType="java.lang.Integer" resultMap="BaseResultMap">
    select 
    <include refid="Base_Column_List" />
    from md_supp_company
    where ID = #{id,jdbcType=INTEGER}
  </select>
  <delete id="deleteByPrimaryKey" parameterType="java.lang.Integer">
    delete from md_supp_company
    where ID = #{id,jdbcType=INTEGER}
  </delete>
  <insert id="insert" parameterType="com.gome.scs.scsservice.emp.entity.MdSuppCompany">
    insert into md_supp_company (ID, SUPP_CODE, SUPP_NAME, 
      COMPANY_CODE, COMPANY_NAME, OPERATE_METHOD, 
      REIN_SUBJECT_CODE, PROMPT, CASH_MANAGE, 
      SORT_CODE, PAY_MODE, APPROVE_GROUP, 
      DOUBLE_CHECK, PLATFORM_MERCHANT_CODE, UPDATE_TIME, 
      IS_REMOVED)
    values (#{id,jdbcType=INTEGER}, #{suppCode,jdbcType=VARCHAR}, #{suppName,jdbcType=VARCHAR}, 
      #{companyCode,jdbcType=VARCHAR}, #{companyName,jdbcType=VARCHAR}, #{operateMethod,jdbcType=VARCHAR}, 
      #{reinSubjectCode,jdbcType=VARCHAR}, #{prompt,jdbcType=VARCHAR}, #{cashManage,jdbcType=VARCHAR}, 
      #{sortCode,jdbcType=VARCHAR}, #{payMode,jdbcType=VARCHAR}, #{approveGroup,jdbcType=VARCHAR}, 
      #{doubleCheck,jdbcType=VARCHAR}, #{platformMerchantCode,jdbcType=VARCHAR}, #{updateTime,jdbcType=TIMESTAMP}, 
      #{isRemoved,jdbcType=VARCHAR})
  </insert>
  <insert id="insertSelective" parameterType="com.gome.scs.scsservice.emp.entity.MdSuppCompany">
    insert into md_supp_company
    <trim prefix="(" suffix=")" suffixOverrides=",">
      <if test="id != null">
        ID,
      </if>
      <if test="suppCode != null">
        SUPP_CODE,
      </if>
      <if test="suppName != null">
        SUPP_NAME,
      </if>
      <if test="companyCode != null">
        COMPANY_CODE,
      </if>
      <if test="companyName != null">
        COMPANY_NAME,
      </if>
      <if test="operateMethod != null">
        OPERATE_METHOD,
      </if>
      <if test="reinSubjectCode != null">
        REIN_SUBJECT_CODE,
      </if>
      <if test="prompt != null">
        PROMPT,
      </if>
      <if test="cashManage != null">
        CASH_MANAGE,
      </if>
      <if test="sortCode != null">
        SORT_CODE,
      </if>
      <if test="payMode != null">
        PAY_MODE,
      </if>
      <if test="approveGroup != null">
        APPROVE_GROUP,
      </if>
      <if test="doubleCheck != null">
        DOUBLE_CHECK,
      </if>
      <if test="platformMerchantCode != null">
        PLATFORM_MERCHANT_CODE,
      </if>
      <if test="updateTime != null">
        UPDATE_TIME,
      </if>
      <if test="isRemoved != null">
        IS_REMOVED,
      </if>
    </trim>
    <trim prefix="values (" suffix=")" suffixOverrides=",">
      <if test="id != null">
        #{id,jdbcType=INTEGER},
      </if>
      <if test="suppCode != null">
        #{suppCode,jdbcType=VARCHAR},
      </if>
      <if test="suppName != null">
        #{suppName,jdbcType=VARCHAR},
      </if>
      <if test="companyCode != null">
        #{companyCode,jdbcType=VARCHAR},
      </if>
      <if test="companyName != null">
        #{companyName,jdbcType=VARCHAR},
      </if>
      <if test="operateMethod != null">
        #{operateMethod,jdbcType=VARCHAR},
      </if>
      <if test="reinSubjectCode != null">
        #{reinSubjectCode,jdbcType=VARCHAR},
      </if>
      <if test="prompt != null">
        #{prompt,jdbcType=VARCHAR},
      </if>
      <if test="cashManage != null">
        #{cashManage,jdbcType=VARCHAR},
      </if>
      <if test="sortCode != null">
        #{sortCode,jdbcType=VARCHAR},
      </if>
      <if test="payMode != null">
        #{payMode,jdbcType=VARCHAR},
      </if>
      <if test="approveGroup != null">
        #{approveGroup,jdbcType=VARCHAR},
      </if>
      <if test="doubleCheck != null">
        #{doubleCheck,jdbcType=VARCHAR},
      </if>
      <if test="platformMerchantCode != null">
        #{platformMerchantCode,jdbcType=VARCHAR},
      </if>
      <if test="updateTime != null">
        #{updateTime,jdbcType=TIMESTAMP},
      </if>
      <if test="isRemoved != null">
        #{isRemoved,jdbcType=VARCHAR},
      </if>
    </trim>
  </insert>
  <update id="updateByPrimaryKeySelective" parameterType="com.gome.scs.scsservice.emp.entity.MdSuppCompany">
    update md_supp_company
    <set>
      <if test="suppCode != null">
        SUPP_CODE = #{suppCode,jdbcType=VARCHAR},
      </if>
      <if test="suppName != null">
        SUPP_NAME = #{suppName,jdbcType=VARCHAR},
      </if>
      <if test="companyCode != null">
        COMPANY_CODE = #{companyCode,jdbcType=VARCHAR},
      </if>
      <if test="companyName != null">
        COMPANY_NAME = #{companyName,jdbcType=VARCHAR},
      </if>
      <if test="operateMethod != null">
        OPERATE_METHOD = #{operateMethod,jdbcType=VARCHAR},
      </if>
      <if test="reinSubjectCode != null">
        REIN_SUBJECT_CODE = #{reinSubjectCode,jdbcType=VARCHAR},
      </if>
      <if test="prompt != null">
        PROMPT = #{prompt,jdbcType=VARCHAR},
      </if>
      <if test="cashManage != null">
        CASH_MANAGE = #{cashManage,jdbcType=VARCHAR},
      </if>
      <if test="sortCode != null">
        SORT_CODE = #{sortCode,jdbcType=VARCHAR},
      </if>
      <if test="payMode != null">
        PAY_MODE = #{payMode,jdbcType=VARCHAR},
      </if>
      <if test="approveGroup != null">
        APPROVE_GROUP = #{approveGroup,jdbcType=VARCHAR},
      </if>
      <if test="doubleCheck != null">
        DOUBLE_CHECK = #{doubleCheck,jdbcType=VARCHAR},
      </if>
      <if test="platformMerchantCode != null">
        PLATFORM_MERCHANT_CODE = #{platformMerchantCode,jdbcType=VARCHAR},
      </if>
      <if test="updateTime != null">
        UPDATE_TIME = #{updateTime,jdbcType=TIMESTAMP},
      </if>
      <if test="isRemoved != null">
        IS_REMOVED = #{isRemoved,jdbcType=VARCHAR},
      </if>
    </set>
    where ID = #{id,jdbcType=INTEGER}
  </update>
  <update id="updateByPrimaryKey" parameterType="com.gome.scs.scsservice.emp.entity.MdSuppCompany">
    update md_supp_company
    set SUPP_CODE = #{suppCode,jdbcType=VARCHAR},
      SUPP_NAME = #{suppName,jdbcType=VARCHAR},
      COMPANY_CODE = #{companyCode,jdbcType=VARCHAR},
      COMPANY_NAME = #{companyName,jdbcType=VARCHAR},
      OPERATE_METHOD = #{operateMethod,jdbcType=VARCHAR},
      REIN_SUBJECT_CODE = #{reinSubjectCode,jdbcType=VARCHAR},
      PROMPT = #{prompt,jdbcType=VARCHAR},
      CASH_MANAGE = #{cashManage,jdbcType=VARCHAR},
      SORT_CODE = #{sortCode,jdbcType=VARCHAR},
      PAY_MODE = #{payMode,jdbcType=VARCHAR},
      APPROVE_GROUP = #{approveGroup,jdbcType=VARCHAR},
      DOUBLE_CHECK = #{doubleCheck,jdbcType=VARCHAR},
      PLATFORM_MERCHANT_CODE = #{platformMerchantCode,jdbcType=VARCHAR},
      UPDATE_TIME = #{updateTime,jdbcType=TIMESTAMP},
      IS_REMOVED = #{isRemoved,jdbcType=VARCHAR}
    where ID = #{id,jdbcType=INTEGER}
  </update>
</mapper>