<?xml version="1.0" encoding="UTF-8"?>
<!DOCTYPE mapper PUBLIC "-//mybatis.org//DTD Mapper 3.0//EN" "http://mybatis.org/dtd/mybatis-3-mapper.dtd">
<mapper namespace="com.gome.scs.scsservice.emp.mapper.ScsContractCodeMapper">
  <resultMap id="BaseResultMap" type="com.gome.scs.scsservice.emp.entity.ScsContractCode">
    <id column="ID" jdbcType="INTEGER" property="id" />
    <result column="BUYORG_CODE" jdbcType="VARCHAR" property="buyorgCode" />
    <result column="YEAR_NUM" jdbcType="VARCHAR" property="yearNum" />
    <result column="CONTRACT_TYPE" jdbcType="VARCHAR" property="contractType" />
    <result column="SERIAL_NUM" jdbcType="VARCHAR" property="serialNum" />
  </resultMap>
  <sql id="Base_Column_List">
    ID, BUYORG_CODE, YEAR_NUM, CONTRACT_TYPE, SERIAL_NUM
  </sql>
  <select id="selectByPrimaryKey" parameterType="java.lang.Integer" resultMap="BaseResultMap">
    select 
    <include refid="Base_Column_List" />
    from scs_contract_code
    where ID = #{id,jdbcType=INTEGER}
  </select>
  <delete id="deleteByPrimaryKey" parameterType="java.lang.Integer">
    delete from scs_contract_code
    where ID = #{id,jdbcType=INTEGER}
  </delete>
  <insert id="insert" parameterType="com.gome.scs.scsservice.emp.entity.ScsContractCode">
    insert into scs_contract_code (ID, BUYORG_CODE, YEAR_NUM, 
      CONTRACT_TYPE, SERIAL_NUM)
    values (#{id,jdbcType=INTEGER}, #{buyorgCode,jdbcType=VARCHAR}, #{yearNum,jdbcType=VARCHAR}, 
      #{contractType,jdbcType=VARCHAR}, #{serialNum,jdbcType=VARCHAR})
  </insert>
  <insert id="insertSelective" parameterType="com.gome.scs.scsservice.emp.entity.ScsContractCode">
    insert into scs_contract_code
    <trim prefix="(" suffix=")" suffixOverrides=",">
      <if test="id != null">
        ID,
      </if>
      <if test="buyorgCode != null">
        BUYORG_CODE,
      </if>
      <if test="yearNum != null">
        YEAR_NUM,
      </if>
      <if test="contractType != null">
        CONTRACT_TYPE,
      </if>
      <if test="serialNum != null">
        SERIAL_NUM,
      </if>
    </trim>
    <trim prefix="values (" suffix=")" suffixOverrides=",">
      <if test="id != null">
        #{id,jdbcType=INTEGER},
      </if>
      <if test="buyorgCode != null">
        #{buyorgCode,jdbcType=VARCHAR},
      </if>
      <if test="yearNum != null">
        #{yearNum,jdbcType=VARCHAR},
      </if>
      <if test="contractType != null">
        #{contractType,jdbcType=VARCHAR},
      </if>
      <if test="serialNum != null">
        #{serialNum,jdbcType=VARCHAR},
      </if>
    </trim>
  </insert>
  <update id="updateByPrimaryKeySelective" parameterType="com.gome.scs.scsservice.emp.entity.ScsContractCode">
    update scs_contract_code
    <set>
      <if test="buyorgCode != null">
        BUYORG_CODE = #{buyorgCode,jdbcType=VARCHAR},
      </if>
      <if test="yearNum != null">
        YEAR_NUM = #{yearNum,jdbcType=VARCHAR},
      </if>
      <if test="contractType != null">
        CONTRACT_TYPE = #{contractType,jdbcType=VARCHAR},
      </if>
      <if test="serialNum != null">
        SERIAL_NUM = #{serialNum,jdbcType=VARCHAR},
      </if>
    </set>
    where ID = #{id,jdbcType=INTEGER}
  </update>
  <update id="updateByPrimaryKey" parameterType="com.gome.scs.scsservice.emp.entity.ScsContractCode">
    update scs_contract_code
    set BUYORG_CODE = #{buyorgCode,jdbcType=VARCHAR},
      YEAR_NUM = #{yearNum,jdbcType=VARCHAR},
      CONTRACT_TYPE = #{contractType,jdbcType=VARCHAR},
      SERIAL_NUM = #{serialNum,jdbcType=VARCHAR}
    where ID = #{id,jdbcType=INTEGER}
  </update>
</mapper>