<?xml version="1.0" encoding="UTF-8"?>
<!DOCTYPE mapper PUBLIC "-//mybatis.org//DTD Mapper 3.0//EN" "http://mybatis.org/dtd/mybatis-3-mapper.dtd">
<mapper namespace="com.gome.scs.scsservice.emp.mapper.ScsOaAuditRemarkMapper">
  <resultMap id="BaseResultMap" type="com.gome.scs.scsservice.emp.entity.ScsOaAuditRemark">
    <id column="ID" jdbcType="INTEGER" property="id" />
    <result column="scs_code" jdbcType="VARCHAR" property="scsCode" />
    <result column="oa_code" jdbcType="VARCHAR" property="oaCode" />
    <result column="audit_code" jdbcType="VARCHAR" property="auditCode" />
    <result column="audit_name" jdbcType="VARCHAR" property="auditName" />
    <result column="audit_remark" jdbcType="VARCHAR" property="auditRemark" />
    <result column="audit_date" jdbcType="VARCHAR" property="auditDate" />
    <result column="create_time" jdbcType="TIMESTAMP" property="createTime" />
  </resultMap>
  <sql id="Base_Column_List">
    ID, scs_code, oa_code, audit_code, audit_name, audit_remark, audit_date, create_time
  </sql>
  <select id="selectByPrimaryKey" parameterType="java.lang.Integer" resultMap="BaseResultMap">
    select 
    <include refid="Base_Column_List" />
    from scs_oa_audit_remark
    where ID = #{id,jdbcType=INTEGER}
  </select>
  <delete id="deleteByPrimaryKey" parameterType="java.lang.Integer">
    delete from scs_oa_audit_remark
    where ID = #{id,jdbcType=INTEGER}
  </delete>
  <insert id="insert" parameterType="com.gome.scs.scsservice.emp.entity.ScsOaAuditRemark">
    insert into scs_oa_audit_remark (ID, scs_code, oa_code, 
      audit_code, audit_name, audit_remark, 
      audit_date, create_time)
    values (#{id,jdbcType=INTEGER}, #{scsCode,jdbcType=VARCHAR}, #{oaCode,jdbcType=VARCHAR}, 
      #{auditCode,jdbcType=VARCHAR}, #{auditName,jdbcType=VARCHAR}, #{auditRemark,jdbcType=VARCHAR}, 
      #{auditDate,jdbcType=VARCHAR}, #{createTime,jdbcType=TIMESTAMP})
  </insert>
  <insert id="insertSelective" parameterType="com.gome.scs.scsservice.emp.entity.ScsOaAuditRemark">
    insert into scs_oa_audit_remark
    <trim prefix="(" suffix=")" suffixOverrides=",">
      <if test="id != null">
        ID,
      </if>
      <if test="scsCode != null">
        scs_code,
      </if>
      <if test="oaCode != null">
        oa_code,
      </if>
      <if test="auditCode != null">
        audit_code,
      </if>
      <if test="auditName != null">
        audit_name,
      </if>
      <if test="auditRemark != null">
        audit_remark,
      </if>
      <if test="auditDate != null">
        audit_date,
      </if>
      <if test="createTime != null">
        create_time,
      </if>
    </trim>
    <trim prefix="values (" suffix=")" suffixOverrides=",">
      <if test="id != null">
        #{id,jdbcType=INTEGER},
      </if>
      <if test="scsCode != null">
        #{scsCode,jdbcType=VARCHAR},
      </if>
      <if test="oaCode != null">
        #{oaCode,jdbcType=VARCHAR},
      </if>
      <if test="auditCode != null">
        #{auditCode,jdbcType=VARCHAR},
      </if>
      <if test="auditName != null">
        #{auditName,jdbcType=VARCHAR},
      </if>
      <if test="auditRemark != null">
        #{auditRemark,jdbcType=VARCHAR},
      </if>
      <if test="auditDate != null">
        #{auditDate,jdbcType=VARCHAR},
      </if>
      <if test="createTime != null">
        #{createTime,jdbcType=TIMESTAMP},
      </if>
    </trim>
  </insert>
  <update id="updateByPrimaryKeySelective" parameterType="com.gome.scs.scsservice.emp.entity.ScsOaAuditRemark">
    update scs_oa_audit_remark
    <set>
      <if test="scsCode != null">
        scs_code = #{scsCode,jdbcType=VARCHAR},
      </if>
      <if test="oaCode != null">
        oa_code = #{oaCode,jdbcType=VARCHAR},
      </if>
      <if test="auditCode != null">
        audit_code = #{auditCode,jdbcType=VARCHAR},
      </if>
      <if test="auditName != null">
        audit_name = #{auditName,jdbcType=VARCHAR},
      </if>
      <if test="auditRemark != null">
        audit_remark = #{auditRemark,jdbcType=VARCHAR},
      </if>
      <if test="auditDate != null">
        audit_date = #{auditDate,jdbcType=VARCHAR},
      </if>
      <if test="createTime != null">
        create_time = #{createTime,jdbcType=TIMESTAMP},
      </if>
    </set>
    where ID = #{id,jdbcType=INTEGER}
  </update>
  <update id="updateByPrimaryKey" parameterType="com.gome.scs.scsservice.emp.entity.ScsOaAuditRemark">
    update scs_oa_audit_remark
    set scs_code = #{scsCode,jdbcType=VARCHAR},
      oa_code = #{oaCode,jdbcType=VARCHAR},
      audit_code = #{auditCode,jdbcType=VARCHAR},
      audit_name = #{auditName,jdbcType=VARCHAR},
      audit_remark = #{auditRemark,jdbcType=VARCHAR},
      audit_date = #{auditDate,jdbcType=VARCHAR},
      create_time = #{createTime,jdbcType=TIMESTAMP}
    where ID = #{id,jdbcType=INTEGER}
  </update>
</mapper>