<?xml version="1.0" encoding="UTF-8"?>
<!DOCTYPE mapper PUBLIC "-//mybatis.org//DTD Mapper 3.0//EN" "http://mybatis.org/dtd/mybatis-3-mapper.dtd">
<mapper namespace="com.gome.scs.scsservice.emp.mapper.ScsOaContractMapper">
  <resultMap id="BaseResultMap" type="com.gome.scs.scsservice.emp.entity.ScsOaContract">
    <id column="ID" jdbcType="INTEGER" property="id" />
    <result column="scs_code" jdbcType="VARCHAR" property="scsCode" />
    <result column="oa_code" jdbcType="VARCHAR" property="oaCode" />
    <result column="oa_form_url" jdbcType="VARCHAR" property="oaFormUrl" />
    <result column="contract_code" jdbcType="VARCHAR" property="contractCode" />
    <result column="status" jdbcType="VARCHAR" property="status" />
    <result column="contract_image_upload_date" jdbcType="VARCHAR" property="contractImageUploadDate" />
    <result column="create_person" jdbcType="VARCHAR" property="createPerson" />
    <result column="create_time" jdbcType="TIMESTAMP" property="createTime" />
    <result column="update_person" jdbcType="VARCHAR" property="updatePerson" />
    <result column="update_time" jdbcType="TIMESTAMP" property="updateTime" />
    <result column="send_message_id" jdbcType="VARCHAR" property="sendMessageId" />
    <result column="receive_message_id" jdbcType="VARCHAR" property="receiveMessageId" />
    <result column="IS_REMOVED" jdbcType="VARCHAR" property="isRemoved" />
  </resultMap>
  <sql id="Base_Column_List">
    ID, scs_code, oa_code, oa_form_url, contract_code, status, contract_image_upload_date, 
    create_person, create_time, update_person, update_time, send_message_id, receive_message_id, 
    IS_REMOVED
  </sql>
  <select id="selectByPrimaryKey" parameterType="java.lang.Integer" resultMap="BaseResultMap">
    select 
    <include refid="Base_Column_List" />
    from scs_oa_contract
    where ID = #{id,jdbcType=INTEGER}
  </select>
  <delete id="deleteByPrimaryKey" parameterType="java.lang.Integer">
    delete from scs_oa_contract
    where ID = #{id,jdbcType=INTEGER}
  </delete>
  <insert id="insert" parameterType="com.gome.scs.scsservice.emp.entity.ScsOaContract">
    insert into scs_oa_contract (ID, scs_code, oa_code, 
      oa_form_url, contract_code, status, 
      contract_image_upload_date, create_person, 
      create_time, update_person, update_time, 
      send_message_id, receive_message_id, IS_REMOVED
      )
    values (#{id,jdbcType=INTEGER}, #{scsCode,jdbcType=VARCHAR}, #{oaCode,jdbcType=VARCHAR}, 
      #{oaFormUrl,jdbcType=VARCHAR}, #{contractCode,jdbcType=VARCHAR}, #{status,jdbcType=VARCHAR}, 
      #{contractImageUploadDate,jdbcType=VARCHAR}, #{createPerson,jdbcType=VARCHAR}, 
      #{createTime,jdbcType=TIMESTAMP}, #{updatePerson,jdbcType=VARCHAR}, #{updateTime,jdbcType=TIMESTAMP}, 
      #{sendMessageId,jdbcType=VARCHAR}, #{receiveMessageId,jdbcType=VARCHAR}, #{isRemoved,jdbcType=VARCHAR}
      )
  </insert>
  <insert id="insertSelective" parameterType="com.gome.scs.scsservice.emp.entity.ScsOaContract">
    insert into scs_oa_contract
    <trim prefix="(" suffix=")" suffixOverrides=",">
      <if test="id != null">
        ID,
      </if>
      <if test="scsCode != null">
        scs_code,
      </if>
      <if test="oaCode != null">
        oa_code,
      </if>
      <if test="oaFormUrl != null">
        oa_form_url,
      </if>
      <if test="contractCode != null">
        contract_code,
      </if>
      <if test="status != null">
        status,
      </if>
      <if test="contractImageUploadDate != null">
        contract_image_upload_date,
      </if>
      <if test="createPerson != null">
        create_person,
      </if>
      <if test="createTime != null">
        create_time,
      </if>
      <if test="updatePerson != null">
        update_person,
      </if>
      <if test="updateTime != null">
        update_time,
      </if>
      <if test="sendMessageId != null">
        send_message_id,
      </if>
      <if test="receiveMessageId != null">
        receive_message_id,
      </if>
      <if test="isRemoved != null">
        IS_REMOVED,
      </if>
    </trim>
    <trim prefix="values (" suffix=")" suffixOverrides=",">
      <if test="id != null">
        #{id,jdbcType=INTEGER},
      </if>
      <if test="scsCode != null">
        #{scsCode,jdbcType=VARCHAR},
      </if>
      <if test="oaCode != null">
        #{oaCode,jdbcType=VARCHAR},
      </if>
      <if test="oaFormUrl != null">
        #{oaFormUrl,jdbcType=VARCHAR},
      </if>
      <if test="contractCode != null">
        #{contractCode,jdbcType=VARCHAR},
      </if>
      <if test="status != null">
        #{status,jdbcType=VARCHAR},
      </if>
      <if test="contractImageUploadDate != null">
        #{contractImageUploadDate,jdbcType=VARCHAR},
      </if>
      <if test="createPerson != null">
        #{createPerson,jdbcType=VARCHAR},
      </if>
      <if test="createTime != null">
        #{createTime,jdbcType=TIMESTAMP},
      </if>
      <if test="updatePerson != null">
        #{updatePerson,jdbcType=VARCHAR},
      </if>
      <if test="updateTime != null">
        #{updateTime,jdbcType=TIMESTAMP},
      </if>
      <if test="sendMessageId != null">
        #{sendMessageId,jdbcType=VARCHAR},
      </if>
      <if test="receiveMessageId != null">
        #{receiveMessageId,jdbcType=VARCHAR},
      </if>
      <if test="isRemoved != null">
        #{isRemoved,jdbcType=VARCHAR},
      </if>
    </trim>
  </insert>
  <update id="updateByPrimaryKeySelective" parameterType="com.gome.scs.scsservice.emp.entity.ScsOaContract">
    update scs_oa_contract
    <set>
      <if test="scsCode != null">
        scs_code = #{scsCode,jdbcType=VARCHAR},
      </if>
      <if test="oaCode != null">
        oa_code = #{oaCode,jdbcType=VARCHAR},
      </if>
      <if test="oaFormUrl != null">
        oa_form_url = #{oaFormUrl,jdbcType=VARCHAR},
      </if>
      <if test="contractCode != null">
        contract_code = #{contractCode,jdbcType=VARCHAR},
      </if>
      <if test="status != null">
        status = #{status,jdbcType=VARCHAR},
      </if>
      <if test="contractImageUploadDate != null">
        contract_image_upload_date = #{contractImageUploadDate,jdbcType=VARCHAR},
      </if>
      <if test="createPerson != null">
        create_person = #{createPerson,jdbcType=VARCHAR},
      </if>
      <if test="createTime != null">
        create_time = #{createTime,jdbcType=TIMESTAMP},
      </if>
      <if test="updatePerson != null">
        update_person = #{updatePerson,jdbcType=VARCHAR},
      </if>
      <if test="updateTime != null">
        update_time = #{updateTime,jdbcType=TIMESTAMP},
      </if>
      <if test="sendMessageId != null">
        send_message_id = #{sendMessageId,jdbcType=VARCHAR},
      </if>
      <if test="receiveMessageId != null">
        receive_message_id = #{receiveMessageId,jdbcType=VARCHAR},
      </if>
      <if test="isRemoved != null">
        IS_REMOVED = #{isRemoved,jdbcType=VARCHAR},
      </if>
    </set>
    where ID = #{id,jdbcType=INTEGER}
  </update>
  <update id="updateByPrimaryKey" parameterType="com.gome.scs.scsservice.emp.entity.ScsOaContract">
    update scs_oa_contract
    set scs_code = #{scsCode,jdbcType=VARCHAR},
      oa_code = #{oaCode,jdbcType=VARCHAR},
      oa_form_url = #{oaFormUrl,jdbcType=VARCHAR},
      contract_code = #{contractCode,jdbcType=VARCHAR},
      status = #{status,jdbcType=VARCHAR},
      contract_image_upload_date = #{contractImageUploadDate,jdbcType=VARCHAR},
      create_person = #{createPerson,jdbcType=VARCHAR},
      create_time = #{createTime,jdbcType=TIMESTAMP},
      update_person = #{updatePerson,jdbcType=VARCHAR},
      update_time = #{updateTime,jdbcType=TIMESTAMP},
      send_message_id = #{sendMessageId,jdbcType=VARCHAR},
      receive_message_id = #{receiveMessageId,jdbcType=VARCHAR},
      IS_REMOVED = #{isRemoved,jdbcType=VARCHAR}
    where ID = #{id,jdbcType=INTEGER}
  </update>
</mapper>