<?xml version="1.0" encoding="UTF-8"?>
<!DOCTYPE mapper PUBLIC "-//mybatis.org//DTD Mapper 3.0//EN" "http://mybatis.org/dtd/mybatis-3-mapper.dtd">
<mapper namespace="com.gome.scs.scsservice.emp.mapper.ScsPositionCategorytwoMapper">
  <resultMap id="BaseResultMap" type="com.gome.scs.scsservice.emp.entity.ScsPositionCategorytwo">
    <id column="ID" jdbcType="BIGINT" property="id" />
    <result column="POSITION_CODE" jdbcType="VARCHAR" property="positionCode" />
    <result column="CATEGORY_TWO" jdbcType="VARCHAR" property="categoryTwo" />
  </resultMap>
  <sql id="Base_Column_List">
    ID, POSITION_CODE, CATEGORY_TWO
  </sql>
  <select id="selectByPrimaryKey" parameterType="java.lang.Long" resultMap="BaseResultMap">
    select 
    <include refid="Base_Column_List" />
    from scs_position_categorytwo
    where ID = #{id,jdbcType=BIGINT}
  </select>
  <delete id="deleteByPrimaryKey" parameterType="java.lang.Long">
    delete from scs_position_categorytwo
    where ID = #{id,jdbcType=BIGINT}
  </delete>
  <insert id="insert" parameterType="com.gome.scs.scsservice.emp.entity.ScsPositionCategorytwo">
    insert into scs_position_categorytwo (ID, POSITION_CODE, CATEGORY_TWO
      )
    values (#{id,jdbcType=BIGINT}, #{positionCode,jdbcType=VARCHAR}, #{categoryTwo,jdbcType=VARCHAR}
      )
  </insert>
  <insert id="insertSelective" parameterType="com.gome.scs.scsservice.emp.entity.ScsPositionCategorytwo">
    insert into scs_position_categorytwo
    <trim prefix="(" suffix=")" suffixOverrides=",">
      <if test="id != null">
        ID,
      </if>
      <if test="positionCode != null">
        POSITION_CODE,
      </if>
      <if test="categoryTwo != null">
        CATEGORY_TWO,
      </if>
    </trim>
    <trim prefix="values (" suffix=")" suffixOverrides=",">
      <if test="id != null">
        #{id,jdbcType=BIGINT},
      </if>
      <if test="positionCode != null">
        #{positionCode,jdbcType=VARCHAR},
      </if>
      <if test="categoryTwo != null">
        #{categoryTwo,jdbcType=VARCHAR},
      </if>
    </trim>
  </insert>
  <update id="updateByPrimaryKeySelective" parameterType="com.gome.scs.scsservice.emp.entity.ScsPositionCategorytwo">
    update scs_position_categorytwo
    <set>
      <if test="positionCode != null">
        POSITION_CODE = #{positionCode,jdbcType=VARCHAR},
      </if>
      <if test="categoryTwo != null">
        CATEGORY_TWO = #{categoryTwo,jdbcType=VARCHAR},
      </if>
    </set>
    where ID = #{id,jdbcType=BIGINT}
  </update>
  <update id="updateByPrimaryKey" parameterType="com.gome.scs.scsservice.emp.entity.ScsPositionCategorytwo">
    update scs_position_categorytwo
    set POSITION_CODE = #{positionCode,jdbcType=VARCHAR},
      CATEGORY_TWO = #{categoryTwo,jdbcType=VARCHAR}
    where ID = #{id,jdbcType=BIGINT}
  </update>
</mapper>