<?xml version="1.0" encoding="UTF-8"?>
<!DOCTYPE mapper PUBLIC "-//mybatis.org//DTD Mapper 3.0//EN" "http://mybatis.org/dtd/mybatis-3-mapper.dtd">
<mapper namespace="com.gome.scs.scsservice.emp.mapper.ScsUploadFileMapper">
  <resultMap id="BaseResultMap" type="com.gome.scs.scsservice.emp.entity.ScsUploadFile">
    <id column="ID" jdbcType="INTEGER" property="id" />
    <result column="contract_code" jdbcType="VARCHAR" property="contractCode" />
    <result column="attachment_name" jdbcType="VARCHAR" property="attachmentName" />
    <result column="type" jdbcType="VARCHAR" property="type" />
    <result column="size" jdbcType="INTEGER" property="size" />
    <result column="url" jdbcType="VARCHAR" property="url" />
    <result column="create_person" jdbcType="VARCHAR" property="createPerson" />
    <result column="update_time" jdbcType="TIMESTAMP" property="updateTime" />
    <result column="update_person" jdbcType="VARCHAR" property="updatePerson" />
    <result column="IS_REMOVED" jdbcType="VARCHAR" property="isRemoved" />
  </resultMap>
  <sql id="Base_Column_List">
    ID, contract_code, attachment_name, type, size, url, create_person, update_time, 
    update_person, IS_REMOVED
  </sql>
  <select id="selectByPrimaryKey" parameterType="java.lang.Integer" resultMap="BaseResultMap">
    select 
    <include refid="Base_Column_List" />
    from scs_upload_file
    where ID = #{id,jdbcType=INTEGER}
  </select>
  <delete id="deleteByPrimaryKey" parameterType="java.lang.Integer">
    delete from scs_upload_file
    where ID = #{id,jdbcType=INTEGER}
  </delete>
  <insert id="insert" parameterType="com.gome.scs.scsservice.emp.entity.ScsUploadFile">
    insert into scs_upload_file (ID, contract_code, attachment_name, 
      type, size, url, create_person, 
      update_time, update_person, IS_REMOVED
      )
    values (#{id,jdbcType=INTEGER}, #{contractCode,jdbcType=VARCHAR}, #{attachmentName,jdbcType=VARCHAR}, 
      #{type,jdbcType=VARCHAR}, #{size,jdbcType=INTEGER}, #{url,jdbcType=VARCHAR}, #{createPerson,jdbcType=VARCHAR}, 
      #{updateTime,jdbcType=TIMESTAMP}, #{updatePerson,jdbcType=VARCHAR}, #{isRemoved,jdbcType=VARCHAR}
      )
  </insert>
  <insert id="insertSelective" parameterType="com.gome.scs.scsservice.emp.entity.ScsUploadFile">
    insert into scs_upload_file
    <trim prefix="(" suffix=")" suffixOverrides=",">
      <if test="id != null">
        ID,
      </if>
      <if test="contractCode != null">
        contract_code,
      </if>
      <if test="attachmentName != null">
        attachment_name,
      </if>
      <if test="type != null">
        type,
      </if>
      <if test="size != null">
        size,
      </if>
      <if test="url != null">
        url,
      </if>
      <if test="createPerson != null">
        create_person,
      </if>
      <if test="updateTime != null">
        update_time,
      </if>
      <if test="updatePerson != null">
        update_person,
      </if>
      <if test="isRemoved != null">
        IS_REMOVED,
      </if>
    </trim>
    <trim prefix="values (" suffix=")" suffixOverrides=",">
      <if test="id != null">
        #{id,jdbcType=INTEGER},
      </if>
      <if test="contractCode != null">
        #{contractCode,jdbcType=VARCHAR},
      </if>
      <if test="attachmentName != null">
        #{attachmentName,jdbcType=VARCHAR},
      </if>
      <if test="type != null">
        #{type,jdbcType=VARCHAR},
      </if>
      <if test="size != null">
        #{size,jdbcType=INTEGER},
      </if>
      <if test="url != null">
        #{url,jdbcType=VARCHAR},
      </if>
      <if test="createPerson != null">
        #{createPerson,jdbcType=VARCHAR},
      </if>
      <if test="updateTime != null">
        #{updateTime,jdbcType=TIMESTAMP},
      </if>
      <if test="updatePerson != null">
        #{updatePerson,jdbcType=VARCHAR},
      </if>
      <if test="isRemoved != null">
        #{isRemoved,jdbcType=VARCHAR},
      </if>
    </trim>
  </insert>
  <update id="updateByPrimaryKeySelective" parameterType="com.gome.scs.scsservice.emp.entity.ScsUploadFile">
    update scs_upload_file
    <set>
      <if test="contractCode != null">
        contract_code = #{contractCode,jdbcType=VARCHAR},
      </if>
      <if test="attachmentName != null">
        attachment_name = #{attachmentName,jdbcType=VARCHAR},
      </if>
      <if test="type != null">
        type = #{type,jdbcType=VARCHAR},
      </if>
      <if test="size != null">
        size = #{size,jdbcType=INTEGER},
      </if>
      <if test="url != null">
        url = #{url,jdbcType=VARCHAR},
      </if>
      <if test="createPerson != null">
        create_person = #{createPerson,jdbcType=VARCHAR},
      </if>
      <if test="updateTime != null">
        update_time = #{updateTime,jdbcType=TIMESTAMP},
      </if>
      <if test="updatePerson != null">
        update_person = #{updatePerson,jdbcType=VARCHAR},
      </if>
      <if test="isRemoved != null">
        IS_REMOVED = #{isRemoved,jdbcType=VARCHAR},
      </if>
    </set>
    where ID = #{id,jdbcType=INTEGER}
  </update>
  <update id="updateByPrimaryKey" parameterType="com.gome.scs.scsservice.emp.entity.ScsUploadFile">
    update scs_upload_file
    set contract_code = #{contractCode,jdbcType=VARCHAR},
      attachment_name = #{attachmentName,jdbcType=VARCHAR},
      type = #{type,jdbcType=VARCHAR},
      size = #{size,jdbcType=INTEGER},
      url = #{url,jdbcType=VARCHAR},
      create_person = #{createPerson,jdbcType=VARCHAR},
      update_time = #{updateTime,jdbcType=TIMESTAMP},
      update_person = #{updatePerson,jdbcType=VARCHAR},
      IS_REMOVED = #{isRemoved,jdbcType=VARCHAR}
    where ID = #{id,jdbcType=INTEGER}
  </update>
</mapper>