<?xml version="1.0" encoding="UTF-8"?>
<!DOCTYPE mapper PUBLIC "-//mybatis.org//DTD Mapper 3.0//EN" "http://mybatis.org/dtd/mybatis-3-mapper.dtd">
<mapper namespace="com.gome.scs.scsservice.emp.mapper.SynContractSapLogMapper">
  <resultMap id="BaseResultMap" type="com.gome.scs.scsservice.emp.entity.SynContractSapLog">
    <id column="ID" jdbcType="BIGINT" property="id" />
    <result column="MESSAGE_ID" jdbcType="VARCHAR" property="messageId" />
    <result column="CONTRACT_CODE" jdbcType="VARCHAR" property="contractCode" />
    <result column="IS_SUCCESS" jdbcType="VARCHAR" property="isSuccess" />
  </resultMap>
  <sql id="Base_Column_List">
    ID, MESSAGE_ID, CONTRACT_CODE, IS_SUCCESS
  </sql>
  <select id="selectByPrimaryKey" parameterType="java.lang.Long" resultMap="BaseResultMap">
    select 
    <include refid="Base_Column_List" />
    from syn_contract_sap_log
    where ID = #{id,jdbcType=BIGINT}
  </select>
  <delete id="deleteByPrimaryKey" parameterType="java.lang.Long">
    delete from syn_contract_sap_log
    where ID = #{id,jdbcType=BIGINT}
  </delete>
  <insert id="insert" parameterType="com.gome.scs.scsservice.emp.entity.SynContractSapLog">
    insert into syn_contract_sap_log (ID, MESSAGE_ID, CONTRACT_CODE, 
      IS_SUCCESS)
    values (#{id,jdbcType=BIGINT}, #{messageId,jdbcType=VARCHAR}, #{contractCode,jdbcType=VARCHAR}, 
      #{isSuccess,jdbcType=VARCHAR})
  </insert>
  <insert id="insertSelective" parameterType="com.gome.scs.scsservice.emp.entity.SynContractSapLog">
    insert into syn_contract_sap_log
    <trim prefix="(" suffix=")" suffixOverrides=",">
      <if test="id != null">
        ID,
      </if>
      <if test="messageId != null">
        MESSAGE_ID,
      </if>
      <if test="contractCode != null">
        CONTRACT_CODE,
      </if>
      <if test="isSuccess != null">
        IS_SUCCESS,
      </if>
    </trim>
    <trim prefix="values (" suffix=")" suffixOverrides=",">
      <if test="id != null">
        #{id,jdbcType=BIGINT},
      </if>
      <if test="messageId != null">
        #{messageId,jdbcType=VARCHAR},
      </if>
      <if test="contractCode != null">
        #{contractCode,jdbcType=VARCHAR},
      </if>
      <if test="isSuccess != null">
        #{isSuccess,jdbcType=VARCHAR},
      </if>
    </trim>
  </insert>
  <update id="updateByPrimaryKeySelective" parameterType="com.gome.scs.scsservice.emp.entity.SynContractSapLog">
    update syn_contract_sap_log
    <set>
      <if test="messageId != null">
        MESSAGE_ID = #{messageId,jdbcType=VARCHAR},
      </if>
      <if test="contractCode != null">
        CONTRACT_CODE = #{contractCode,jdbcType=VARCHAR},
      </if>
      <if test="isSuccess != null">
        IS_SUCCESS = #{isSuccess,jdbcType=VARCHAR},
      </if>
    </set>
    where ID = #{id,jdbcType=BIGINT}
  </update>
  <update id="updateByPrimaryKey" parameterType="com.gome.scs.scsservice.emp.entity.SynContractSapLog">
    update syn_contract_sap_log
    set MESSAGE_ID = #{messageId,jdbcType=VARCHAR},
      CONTRACT_CODE = #{contractCode,jdbcType=VARCHAR},
      IS_SUCCESS = #{isSuccess,jdbcType=VARCHAR}
    where ID = #{id,jdbcType=BIGINT}
  </update>
</mapper>