<?xml version="1.0" encoding="UTF-8"?>
<!DOCTYPE mapper PUBLIC "-//mybatis.org//DTD Mapper 3.0//EN" "http://mybatis.org/dtd/mybatis-3-mapper.dtd">
<mapper namespace="com.gome.scs.scsservice.emp.mapper.TAcGomeUserpostlogMapper">
  <resultMap id="BaseResultMap" type="com.gome.scs.scsservice.emp.entity.TAcGomeUserpostlog">
    <id column="ID" jdbcType="BIGINT" property="id" />
    <result column="USERID" jdbcType="BIGINT" property="userid" />
    <result column="PRIMARY_TYPE" jdbcType="VARCHAR" property="primaryType" />
    <result column="HEADQUATERS_CODE" jdbcType="VARCHAR" property="headquatersCode" />
    <result column="HEADQUATERS_NAME" jdbcType="VARCHAR" property="headquatersName" />
    <result column="REGION_CODE" jdbcType="VARCHAR" property="regionCode" />
    <result column="REGION_NAME" jdbcType="VARCHAR" property="regionName" />
    <result column="FIRST_SUBSECTION_CODE" jdbcType="VARCHAR" property="firstSubsectionCode" />
    <result column="FIRST_SUBSECTION_NAME" jdbcType="VARCHAR" property="firstSubsectionName" />
    <result column="SECOND_SUBSECTION_CODE" jdbcType="VARCHAR" property="secondSubsectionCode" />
    <result column="SECOND_SUBSECTION_NAME" jdbcType="VARCHAR" property="secondSubsectionName" />
    <result column="STORE_CODE" jdbcType="VARCHAR" property="storeCode" />
    <result column="STORE_NAME" jdbcType="VARCHAR" property="storeName" />
    <result column="DEPT_CODE" jdbcType="VARCHAR" property="deptCode" />
    <result column="DEPT_NAME" jdbcType="VARCHAR" property="deptName" />
    <result column="POSITION_CODE" jdbcType="VARCHAR" property="positionCode" />
    <result column="POSITION_DESC" jdbcType="VARCHAR" property="positionDesc" />
    <result column="STARTDATE" jdbcType="DATE" property="startdate" />
    <result column="ENDDATE" jdbcType="DATE" property="enddate" />
    <result column="LAYER" jdbcType="VARCHAR" property="layer" />
    <result column="LAYER_DETAIL" jdbcType="VARCHAR" property="layerDetail" />
  </resultMap>
  <sql id="Base_Column_List">
    ID, USERID, PRIMARY_TYPE, HEADQUATERS_CODE, HEADQUATERS_NAME, REGION_CODE, REGION_NAME, 
    FIRST_SUBSECTION_CODE, FIRST_SUBSECTION_NAME, SECOND_SUBSECTION_CODE, SECOND_SUBSECTION_NAME, 
    STORE_CODE, STORE_NAME, DEPT_CODE, DEPT_NAME, POSITION_CODE, POSITION_DESC, STARTDATE, 
    ENDDATE, LAYER, LAYER_DETAIL
  </sql>
  <select id="selectByPrimaryKey" parameterType="java.lang.Long" resultMap="BaseResultMap">
    select 
    <include refid="Base_Column_List" />
    from t_ac_gome_userpostlog
    where ID = #{id,jdbcType=BIGINT}
  </select>
  <delete id="deleteByPrimaryKey" parameterType="java.lang.Long">
    delete from t_ac_gome_userpostlog
    where ID = #{id,jdbcType=BIGINT}
  </delete>
  <insert id="insert" parameterType="com.gome.scs.scsservice.emp.entity.TAcGomeUserpostlog">
    insert into t_ac_gome_userpostlog (ID, USERID, PRIMARY_TYPE, 
      HEADQUATERS_CODE, HEADQUATERS_NAME, REGION_CODE, 
      REGION_NAME, FIRST_SUBSECTION_CODE, FIRST_SUBSECTION_NAME, 
      SECOND_SUBSECTION_CODE, SECOND_SUBSECTION_NAME, 
      STORE_CODE, STORE_NAME, DEPT_CODE, 
      DEPT_NAME, POSITION_CODE, POSITION_DESC, 
      STARTDATE, ENDDATE, LAYER, 
      LAYER_DETAIL)
    values (#{id,jdbcType=BIGINT}, #{userid,jdbcType=BIGINT}, #{primaryType,jdbcType=VARCHAR}, 
      #{headquatersCode,jdbcType=VARCHAR}, #{headquatersName,jdbcType=VARCHAR}, #{regionCode,jdbcType=VARCHAR}, 
      #{regionName,jdbcType=VARCHAR}, #{firstSubsectionCode,jdbcType=VARCHAR}, #{firstSubsectionName,jdbcType=VARCHAR}, 
      #{secondSubsectionCode,jdbcType=VARCHAR}, #{secondSubsectionName,jdbcType=VARCHAR}, 
      #{storeCode,jdbcType=VARCHAR}, #{storeName,jdbcType=VARCHAR}, #{deptCode,jdbcType=VARCHAR}, 
      #{deptName,jdbcType=VARCHAR}, #{positionCode,jdbcType=VARCHAR}, #{positionDesc,jdbcType=VARCHAR}, 
      #{startdate,jdbcType=DATE}, #{enddate,jdbcType=DATE}, #{layer,jdbcType=VARCHAR}, 
      #{layerDetail,jdbcType=VARCHAR})
  </insert>
  <insert id="insertSelective" parameterType="com.gome.scs.scsservice.emp.entity.TAcGomeUserpostlog">
    insert into t_ac_gome_userpostlog
    <trim prefix="(" suffix=")" suffixOverrides=",">
      <if test="id != null">
        ID,
      </if>
      <if test="userid != null">
        USERID,
      </if>
      <if test="primaryType != null">
        PRIMARY_TYPE,
      </if>
      <if test="headquatersCode != null">
        HEADQUATERS_CODE,
      </if>
      <if test="headquatersName != null">
        HEADQUATERS_NAME,
      </if>
      <if test="regionCode != null">
        REGION_CODE,
      </if>
      <if test="regionName != null">
        REGION_NAME,
      </if>
      <if test="firstSubsectionCode != null">
        FIRST_SUBSECTION_CODE,
      </if>
      <if test="firstSubsectionName != null">
        FIRST_SUBSECTION_NAME,
      </if>
      <if test="secondSubsectionCode != null">
        SECOND_SUBSECTION_CODE,
      </if>
      <if test="secondSubsectionName != null">
        SECOND_SUBSECTION_NAME,
      </if>
      <if test="storeCode != null">
        STORE_CODE,
      </if>
      <if test="storeName != null">
        STORE_NAME,
      </if>
      <if test="deptCode != null">
        DEPT_CODE,
      </if>
      <if test="deptName != null">
        DEPT_NAME,
      </if>
      <if test="positionCode != null">
        POSITION_CODE,
      </if>
      <if test="positionDesc != null">
        POSITION_DESC,
      </if>
      <if test="startdate != null">
        STARTDATE,
      </if>
      <if test="enddate != null">
        ENDDATE,
      </if>
      <if test="layer != null">
        LAYER,
      </if>
      <if test="layerDetail != null">
        LAYER_DETAIL,
      </if>
    </trim>
    <trim prefix="values (" suffix=")" suffixOverrides=",">
      <if test="id != null">
        #{id,jdbcType=BIGINT},
      </if>
      <if test="userid != null">
        #{userid,jdbcType=BIGINT},
      </if>
      <if test="primaryType != null">
        #{primaryType,jdbcType=VARCHAR},
      </if>
      <if test="headquatersCode != null">
        #{headquatersCode,jdbcType=VARCHAR},
      </if>
      <if test="headquatersName != null">
        #{headquatersName,jdbcType=VARCHAR},
      </if>
      <if test="regionCode != null">
        #{regionCode,jdbcType=VARCHAR},
      </if>
      <if test="regionName != null">
        #{regionName,jdbcType=VARCHAR},
      </if>
      <if test="firstSubsectionCode != null">
        #{firstSubsectionCode,jdbcType=VARCHAR},
      </if>
      <if test="firstSubsectionName != null">
        #{firstSubsectionName,jdbcType=VARCHAR},
      </if>
      <if test="secondSubsectionCode != null">
        #{secondSubsectionCode,jdbcType=VARCHAR},
      </if>
      <if test="secondSubsectionName != null">
        #{secondSubsectionName,jdbcType=VARCHAR},
      </if>
      <if test="storeCode != null">
        #{storeCode,jdbcType=VARCHAR},
      </if>
      <if test="storeName != null">
        #{storeName,jdbcType=VARCHAR},
      </if>
      <if test="deptCode != null">
        #{deptCode,jdbcType=VARCHAR},
      </if>
      <if test="deptName != null">
        #{deptName,jdbcType=VARCHAR},
      </if>
      <if test="positionCode != null">
        #{positionCode,jdbcType=VARCHAR},
      </if>
      <if test="positionDesc != null">
        #{positionDesc,jdbcType=VARCHAR},
      </if>
      <if test="startdate != null">
        #{startdate,jdbcType=DATE},
      </if>
      <if test="enddate != null">
        #{enddate,jdbcType=DATE},
      </if>
      <if test="layer != null">
        #{layer,jdbcType=VARCHAR},
      </if>
      <if test="layerDetail != null">
        #{layerDetail,jdbcType=VARCHAR},
      </if>
    </trim>
  </insert>
  <update id="updateByPrimaryKeySelective" parameterType="com.gome.scs.scsservice.emp.entity.TAcGomeUserpostlog">
    update t_ac_gome_userpostlog
    <set>
      <if test="userid != null">
        USERID = #{userid,jdbcType=BIGINT},
      </if>
      <if test="primaryType != null">
        PRIMARY_TYPE = #{primaryType,jdbcType=VARCHAR},
      </if>
      <if test="headquatersCode != null">
        HEADQUATERS_CODE = #{headquatersCode,jdbcType=VARCHAR},
      </if>
      <if test="headquatersName != null">
        HEADQUATERS_NAME = #{headquatersName,jdbcType=VARCHAR},
      </if>
      <if test="regionCode != null">
        REGION_CODE = #{regionCode,jdbcType=VARCHAR},
      </if>
      <if test="regionName != null">
        REGION_NAME = #{regionName,jdbcType=VARCHAR},
      </if>
      <if test="firstSubsectionCode != null">
        FIRST_SUBSECTION_CODE = #{firstSubsectionCode,jdbcType=VARCHAR},
      </if>
      <if test="firstSubsectionName != null">
        FIRST_SUBSECTION_NAME = #{firstSubsectionName,jdbcType=VARCHAR},
      </if>
      <if test="secondSubsectionCode != null">
        SECOND_SUBSECTION_CODE = #{secondSubsectionCode,jdbcType=VARCHAR},
      </if>
      <if test="secondSubsectionName != null">
        SECOND_SUBSECTION_NAME = #{secondSubsectionName,jdbcType=VARCHAR},
      </if>
      <if test="storeCode != null">
        STORE_CODE = #{storeCode,jdbcType=VARCHAR},
      </if>
      <if test="storeName != null">
        STORE_NAME = #{storeName,jdbcType=VARCHAR},
      </if>
      <if test="deptCode != null">
        DEPT_CODE = #{deptCode,jdbcType=VARCHAR},
      </if>
      <if test="deptName != null">
        DEPT_NAME = #{deptName,jdbcType=VARCHAR},
      </if>
      <if test="positionCode != null">
        POSITION_CODE = #{positionCode,jdbcType=VARCHAR},
      </if>
      <if test="positionDesc != null">
        POSITION_DESC = #{positionDesc,jdbcType=VARCHAR},
      </if>
      <if test="startdate != null">
        STARTDATE = #{startdate,jdbcType=DATE},
      </if>
      <if test="enddate != null">
        ENDDATE = #{enddate,jdbcType=DATE},
      </if>
      <if test="layer != null">
        LAYER = #{layer,jdbcType=VARCHAR},
      </if>
      <if test="layerDetail != null">
        LAYER_DETAIL = #{layerDetail,jdbcType=VARCHAR},
      </if>
    </set>
    where ID = #{id,jdbcType=BIGINT}
  </update>
  <update id="updateByPrimaryKey" parameterType="com.gome.scs.scsservice.emp.entity.TAcGomeUserpostlog">
    update t_ac_gome_userpostlog
    set USERID = #{userid,jdbcType=BIGINT},
      PRIMARY_TYPE = #{primaryType,jdbcType=VARCHAR},
      HEADQUATERS_CODE = #{headquatersCode,jdbcType=VARCHAR},
      HEADQUATERS_NAME = #{headquatersName,jdbcType=VARCHAR},
      REGION_CODE = #{regionCode,jdbcType=VARCHAR},
      REGION_NAME = #{regionName,jdbcType=VARCHAR},
      FIRST_SUBSECTION_CODE = #{firstSubsectionCode,jdbcType=VARCHAR},
      FIRST_SUBSECTION_NAME = #{firstSubsectionName,jdbcType=VARCHAR},
      SECOND_SUBSECTION_CODE = #{secondSubsectionCode,jdbcType=VARCHAR},
      SECOND_SUBSECTION_NAME = #{secondSubsectionName,jdbcType=VARCHAR},
      STORE_CODE = #{storeCode,jdbcType=VARCHAR},
      STORE_NAME = #{storeName,jdbcType=VARCHAR},
      DEPT_CODE = #{deptCode,jdbcType=VARCHAR},
      DEPT_NAME = #{deptName,jdbcType=VARCHAR},
      POSITION_CODE = #{positionCode,jdbcType=VARCHAR},
      POSITION_DESC = #{positionDesc,jdbcType=VARCHAR},
      STARTDATE = #{startdate,jdbcType=DATE},
      ENDDATE = #{enddate,jdbcType=DATE},
      LAYER = #{layer,jdbcType=VARCHAR},
      LAYER_DETAIL = #{layerDetail,jdbcType=VARCHAR}
    where ID = #{id,jdbcType=BIGINT}
  </update>
</mapper>