<?xml version="1.0" encoding="UTF-8"?>
<!DOCTYPE mapper PUBLIC "-//mybatis.org//DTD Mapper 3.0//EN" "http://mybatis.org/dtd/mybatis-3-mapper.dtd">
<mapper namespace="com.gome.scs.scsservice.emp.mapper.TAcGomeUserlogMapper">
  <resultMap id="BaseResultMap" type="com.gome.scs.scsservice.emp.entity.TAcGomeUserlog">
    <id column="ID" jdbcType="BIGINT" property="id" />
    <result column="USERCODE" jdbcType="VARCHAR" property="usercode" />
    <result column="USERNAME" jdbcType="VARCHAR" property="username" />
    <result column="AD_ACCOUNT" jdbcType="VARCHAR" property="adAccount" />
    <result column="AD_ACCOUNT_PWD" jdbcType="VARCHAR" property="adAccountPwd" />
    <result column="APP_ACCOUNT" jdbcType="VARCHAR" property="appAccount" />
    <result column="APP_ACCOUNT_PWD" jdbcType="VARCHAR" property="appAccountPwd" />
    <result column="COMPANY_CODE" jdbcType="VARCHAR" property="companyCode" />
    <result column="COMPANY_NAME" jdbcType="VARCHAR" property="companyName" />
    <result column="MOBILE" jdbcType="VARCHAR" property="mobile" />
    <result column="EMAIL" jdbcType="VARCHAR" property="email" />
    <result column="STATUS" jdbcType="VARCHAR" property="status" />
  </resultMap>
  <sql id="Base_Column_List">
    ID, USERCODE, USERNAME, AD_ACCOUNT, AD_ACCOUNT_PWD, APP_ACCOUNT, APP_ACCOUNT_PWD, 
    COMPANY_CODE, COMPANY_NAME, MOBILE, EMAIL, STATUS
  </sql>
  <select id="selectByPrimaryKey" parameterType="java.lang.Long" resultMap="BaseResultMap">
    select 
    <include refid="Base_Column_List" />
    from t_ac_gome_userlog
    where ID = #{id,jdbcType=BIGINT}
  </select>
  <delete id="deleteByPrimaryKey" parameterType="java.lang.Long">
    delete from t_ac_gome_userlog
    where ID = #{id,jdbcType=BIGINT}
  </delete>
  <insert id="insert" parameterType="com.gome.scs.scsservice.emp.entity.TAcGomeUserlog">
    insert into t_ac_gome_userlog (ID, USERCODE, USERNAME, 
      AD_ACCOUNT, AD_ACCOUNT_PWD, APP_ACCOUNT, 
      APP_ACCOUNT_PWD, COMPANY_CODE, COMPANY_NAME, 
      MOBILE, EMAIL, STATUS
      )
    values (#{id,jdbcType=BIGINT}, #{usercode,jdbcType=VARCHAR}, #{username,jdbcType=VARCHAR}, 
      #{adAccount,jdbcType=VARCHAR}, #{adAccountPwd,jdbcType=VARCHAR}, #{appAccount,jdbcType=VARCHAR}, 
      #{appAccountPwd,jdbcType=VARCHAR}, #{companyCode,jdbcType=VARCHAR}, #{companyName,jdbcType=VARCHAR}, 
      #{mobile,jdbcType=VARCHAR}, #{email,jdbcType=VARCHAR}, #{status,jdbcType=VARCHAR}
      )
  </insert>
  <insert id="insertSelective" parameterType="com.gome.scs.scsservice.emp.entity.TAcGomeUserlog">
    insert into t_ac_gome_userlog
    <trim prefix="(" suffix=")" suffixOverrides=",">
      <if test="id != null">
        ID,
      </if>
      <if test="usercode != null">
        USERCODE,
      </if>
      <if test="username != null">
        USERNAME,
      </if>
      <if test="adAccount != null">
        AD_ACCOUNT,
      </if>
      <if test="adAccountPwd != null">
        AD_ACCOUNT_PWD,
      </if>
      <if test="appAccount != null">
        APP_ACCOUNT,
      </if>
      <if test="appAccountPwd != null">
        APP_ACCOUNT_PWD,
      </if>
      <if test="companyCode != null">
        COMPANY_CODE,
      </if>
      <if test="companyName != null">
        COMPANY_NAME,
      </if>
      <if test="mobile != null">
        MOBILE,
      </if>
      <if test="email != null">
        EMAIL,
      </if>
      <if test="status != null">
        STATUS,
      </if>
    </trim>
    <trim prefix="values (" suffix=")" suffixOverrides=",">
      <if test="id != null">
        #{id,jdbcType=BIGINT},
      </if>
      <if test="usercode != null">
        #{usercode,jdbcType=VARCHAR},
      </if>
      <if test="username != null">
        #{username,jdbcType=VARCHAR},
      </if>
      <if test="adAccount != null">
        #{adAccount,jdbcType=VARCHAR},
      </if>
      <if test="adAccountPwd != null">
        #{adAccountPwd,jdbcType=VARCHAR},
      </if>
      <if test="appAccount != null">
        #{appAccount,jdbcType=VARCHAR},
      </if>
      <if test="appAccountPwd != null">
        #{appAccountPwd,jdbcType=VARCHAR},
      </if>
      <if test="companyCode != null">
        #{companyCode,jdbcType=VARCHAR},
      </if>
      <if test="companyName != null">
        #{companyName,jdbcType=VARCHAR},
      </if>
      <if test="mobile != null">
        #{mobile,jdbcType=VARCHAR},
      </if>
      <if test="email != null">
        #{email,jdbcType=VARCHAR},
      </if>
      <if test="status != null">
        #{status,jdbcType=VARCHAR},
      </if>
    </trim>
  </insert>
  <update id="updateByPrimaryKeySelective" parameterType="com.gome.scs.scsservice.emp.entity.TAcGomeUserlog">
    update t_ac_gome_userlog
    <set>
      <if test="usercode != null">
        USERCODE = #{usercode,jdbcType=VARCHAR},
      </if>
      <if test="username != null">
        USERNAME = #{username,jdbcType=VARCHAR},
      </if>
      <if test="adAccount != null">
        AD_ACCOUNT = #{adAccount,jdbcType=VARCHAR},
      </if>
      <if test="adAccountPwd != null">
        AD_ACCOUNT_PWD = #{adAccountPwd,jdbcType=VARCHAR},
      </if>
      <if test="appAccount != null">
        APP_ACCOUNT = #{appAccount,jdbcType=VARCHAR},
      </if>
      <if test="appAccountPwd != null">
        APP_ACCOUNT_PWD = #{appAccountPwd,jdbcType=VARCHAR},
      </if>
      <if test="companyCode != null">
        COMPANY_CODE = #{companyCode,jdbcType=VARCHAR},
      </if>
      <if test="companyName != null">
        COMPANY_NAME = #{companyName,jdbcType=VARCHAR},
      </if>
      <if test="mobile != null">
        MOBILE = #{mobile,jdbcType=VARCHAR},
      </if>
      <if test="email != null">
        EMAIL = #{email,jdbcType=VARCHAR},
      </if>
      <if test="status != null">
        STATUS = #{status,jdbcType=VARCHAR},
      </if>
    </set>
    where ID = #{id,jdbcType=BIGINT}
  </update>
  <update id="updateByPrimaryKey" parameterType="com.gome.scs.scsservice.emp.entity.TAcGomeUserlog">
    update t_ac_gome_userlog
    set USERCODE = #{usercode,jdbcType=VARCHAR},
      USERNAME = #{username,jdbcType=VARCHAR},
      AD_ACCOUNT = #{adAccount,jdbcType=VARCHAR},
      AD_ACCOUNT_PWD = #{adAccountPwd,jdbcType=VARCHAR},
      APP_ACCOUNT = #{appAccount,jdbcType=VARCHAR},
      APP_ACCOUNT_PWD = #{appAccountPwd,jdbcType=VARCHAR},
      COMPANY_CODE = #{companyCode,jdbcType=VARCHAR},
      COMPANY_NAME = #{companyName,jdbcType=VARCHAR},
      MOBILE = #{mobile,jdbcType=VARCHAR},
      EMAIL = #{email,jdbcType=VARCHAR},
      STATUS = #{status,jdbcType=VARCHAR}
    where ID = #{id,jdbcType=BIGINT}
  </update>
</mapper>