<?xml version="1.0" encoding="UTF-8"?>
<!DOCTYPE mapper PUBLIC "-//mybatis.org//DTD Mapper 3.0//EN" "http://mybatis.org/dtd/mybatis-3-mapper.dtd">
<mapper namespace="com.gome.scs.scsservice.emp.mapper.TKeyValueMapper">
  <resultMap id="BaseResultMap" type="com.gome.scs.scsservice.emp.entity.TKeyValue">
    <id column="ID" jdbcType="BIGINT" property="id" />
    <result column="C_KEY" jdbcType="VARCHAR" property="cKey" />
    <result column="C_VALUE" jdbcType="VARCHAR" property="cValue" />
    <result column="C_DESC" jdbcType="VARCHAR" property="cDesc" />
    <result column="IS_REMOVED" jdbcType="VARCHAR" property="isRemoved" />
  </resultMap>
  <sql id="Base_Column_List">
    ID, C_KEY, C_VALUE, C_DESC, IS_REMOVED
  </sql>
  <select id="selectByPrimaryKey" parameterType="java.lang.Long" resultMap="BaseResultMap">
    select 
    <include refid="Base_Column_List" />
    from t_key_value
    where ID = #{id,jdbcType=BIGINT}
  </select>
  <delete id="deleteByPrimaryKey" parameterType="java.lang.Long">
    delete from t_key_value
    where ID = #{id,jdbcType=BIGINT}
  </delete>
  <insert id="insert" parameterType="com.gome.scs.scsservice.emp.entity.TKeyValue">
    insert into t_key_value (ID, C_KEY, C_VALUE, 
      C_DESC, IS_REMOVED)
    values (#{id,jdbcType=BIGINT}, #{cKey,jdbcType=VARCHAR}, #{cValue,jdbcType=VARCHAR}, 
      #{cDesc,jdbcType=VARCHAR}, #{isRemoved,jdbcType=VARCHAR})
  </insert>
  <insert id="insertSelective" parameterType="com.gome.scs.scsservice.emp.entity.TKeyValue">
    insert into t_key_value
    <trim prefix="(" suffix=")" suffixOverrides=",">
      <if test="id != null">
        ID,
      </if>
      <if test="cKey != null">
        C_KEY,
      </if>
      <if test="cValue != null">
        C_VALUE,
      </if>
      <if test="cDesc != null">
        C_DESC,
      </if>
      <if test="isRemoved != null">
        IS_REMOVED,
      </if>
    </trim>
    <trim prefix="values (" suffix=")" suffixOverrides=",">
      <if test="id != null">
        #{id,jdbcType=BIGINT},
      </if>
      <if test="cKey != null">
        #{cKey,jdbcType=VARCHAR},
      </if>
      <if test="cValue != null">
        #{cValue,jdbcType=VARCHAR},
      </if>
      <if test="cDesc != null">
        #{cDesc,jdbcType=VARCHAR},
      </if>
      <if test="isRemoved != null">
        #{isRemoved,jdbcType=VARCHAR},
      </if>
    </trim>
  </insert>
  <update id="updateByPrimaryKeySelective" parameterType="com.gome.scs.scsservice.emp.entity.TKeyValue">
    update t_key_value
    <set>
      <if test="cKey != null">
        C_KEY = #{cKey,jdbcType=VARCHAR},
      </if>
      <if test="cValue != null">
        C_VALUE = #{cValue,jdbcType=VARCHAR},
      </if>
      <if test="cDesc != null">
        C_DESC = #{cDesc,jdbcType=VARCHAR},
      </if>
      <if test="isRemoved != null">
        IS_REMOVED = #{isRemoved,jdbcType=VARCHAR},
      </if>
    </set>
    where ID = #{id,jdbcType=BIGINT}
  </update>
  <update id="updateByPrimaryKey" parameterType="com.gome.scs.scsservice.emp.entity.TKeyValue">
    update t_key_value
    set C_KEY = #{cKey,jdbcType=VARCHAR},
      C_VALUE = #{cValue,jdbcType=VARCHAR},
      C_DESC = #{cDesc,jdbcType=VARCHAR},
      IS_REMOVED = #{isRemoved,jdbcType=VARCHAR}
    where ID = #{id,jdbcType=BIGINT}
  </update>
</mapper>