<?xml version="1.0" encoding="UTF-8"?>
<!DOCTYPE mapper PUBLIC "-//mybatis.org//DTD Mapper 3.0//EN" "http://mybatis.org/dtd/mybatis-3-mapper.dtd">
<mapper namespace="com.gome.scs.scsservice.emp.mapper.TSysconfigGomeMainMapper">
  <resultMap id="BaseResultMap" type="com.gome.scs.scsservice.emp.entity.TSysconfigGomeMain">
    <id column="ID" jdbcType="INTEGER" property="id" />
    <result column="SYS_KEY" jdbcType="VARCHAR" property="sysKey" />
    <result column="SYS_VALUE" jdbcType="VARCHAR" property="sysValue" />
    <result column="SYS_DESC" jdbcType="VARCHAR" property="sysDesc" />
  </resultMap>
  <sql id="Base_Column_List">
    ID, SYS_KEY, SYS_VALUE, SYS_DESC
  </sql>
  <select id="selectByPrimaryKey" parameterType="java.lang.Integer" resultMap="BaseResultMap">
    select 
    <include refid="Base_Column_List" />
    from t_sysconfig_gome_main
    where ID = #{id,jdbcType=INTEGER}
  </select>
  <delete id="deleteByPrimaryKey" parameterType="java.lang.Integer">
    delete from t_sysconfig_gome_main
    where ID = #{id,jdbcType=INTEGER}
  </delete>
  <insert id="insert" parameterType="com.gome.scs.scsservice.emp.entity.TSysconfigGomeMain">
    insert into t_sysconfig_gome_main (ID, SYS_KEY, SYS_VALUE, 
      SYS_DESC)
    values (#{id,jdbcType=INTEGER}, #{sysKey,jdbcType=VARCHAR}, #{sysValue,jdbcType=VARCHAR}, 
      #{sysDesc,jdbcType=VARCHAR})
  </insert>
  <insert id="insertSelective" parameterType="com.gome.scs.scsservice.emp.entity.TSysconfigGomeMain">
    insert into t_sysconfig_gome_main
    <trim prefix="(" suffix=")" suffixOverrides=",">
      <if test="id != null">
        ID,
      </if>
      <if test="sysKey != null">
        SYS_KEY,
      </if>
      <if test="sysValue != null">
        SYS_VALUE,
      </if>
      <if test="sysDesc != null">
        SYS_DESC,
      </if>
    </trim>
    <trim prefix="values (" suffix=")" suffixOverrides=",">
      <if test="id != null">
        #{id,jdbcType=INTEGER},
      </if>
      <if test="sysKey != null">
        #{sysKey,jdbcType=VARCHAR},
      </if>
      <if test="sysValue != null">
        #{sysValue,jdbcType=VARCHAR},
      </if>
      <if test="sysDesc != null">
        #{sysDesc,jdbcType=VARCHAR},
      </if>
    </trim>
  </insert>
  <update id="updateByPrimaryKeySelective" parameterType="com.gome.scs.scsservice.emp.entity.TSysconfigGomeMain">
    update t_sysconfig_gome_main
    <set>
      <if test="sysKey != null">
        SYS_KEY = #{sysKey,jdbcType=VARCHAR},
      </if>
      <if test="sysValue != null">
        SYS_VALUE = #{sysValue,jdbcType=VARCHAR},
      </if>
      <if test="sysDesc != null">
        SYS_DESC = #{sysDesc,jdbcType=VARCHAR},
      </if>
    </set>
    where ID = #{id,jdbcType=INTEGER}
  </update>
  <update id="updateByPrimaryKey" parameterType="com.gome.scs.scsservice.emp.entity.TSysconfigGomeMain">
    update t_sysconfig_gome_main
    set SYS_KEY = #{sysKey,jdbcType=VARCHAR},
      SYS_VALUE = #{sysValue,jdbcType=VARCHAR},
      SYS_DESC = #{sysDesc,jdbcType=VARCHAR}
    where ID = #{id,jdbcType=INTEGER}
  </update>
</mapper>