<?xml version="1.0" encoding="UTF-8"?>
<!DOCTYPE mapper PUBLIC "-//mybatis.org//DTD Mapper 3.0//EN" "http://mybatis.org/dtd/mybatis-3-mapper.dtd">
<mapper namespace="com.gome.scs.scsservice.emp.mapper.VSkuInfoMapper">
  <resultMap id="BaseResultMap" type="com.gome.scs.scsservice.emp.entity.VSkuInfo">
    <result column="sku_no" jdbcType="VARCHAR" property="skuNo" />
    <result column="sku_name" jdbcType="VARCHAR" property="skuName" />
    <result column="category1_code" jdbcType="VARCHAR" property="category1Code" />
    <result column="category1_name" jdbcType="VARCHAR" property="category1Name" />
    <result column="category_code" jdbcType="VARCHAR" property="categoryCode" />
    <result column="category_name" jdbcType="VARCHAR" property="categoryName" />
    <result column="category3_code" jdbcType="VARCHAR" property="category3Code" />
    <result column="category3_name" jdbcType="VARCHAR" property="category3Name" />
    <result column="category4_code" jdbcType="VARCHAR" property="category4Code" />
    <result column="category4_name" jdbcType="VARCHAR" property="category4Name" />
    <result column="BRAND_CODE" jdbcType="VARCHAR" property="brandCode" />
    <result column="BRAND_NAME" jdbcType="VARCHAR" property="brandName" />
  </resultMap>
  <insert id="insert" parameterType="com.gome.scs.scsservice.emp.entity.VSkuInfo">
    insert into v_sku_info (sku_no, sku_name, category1_code, 
      category1_name, category_code, category_name, 
      category3_code, category3_name, category4_code, 
      category4_name, BRAND_CODE, BRAND_NAME
      )
    values (#{skuNo,jdbcType=VARCHAR}, #{skuName,jdbcType=VARCHAR}, #{category1Code,jdbcType=VARCHAR}, 
      #{category1Name,jdbcType=VARCHAR}, #{categoryCode,jdbcType=VARCHAR}, #{categoryName,jdbcType=VARCHAR}, 
      #{category3Code,jdbcType=VARCHAR}, #{category3Name,jdbcType=VARCHAR}, #{category4Code,jdbcType=VARCHAR}, 
      #{category4Name,jdbcType=VARCHAR}, #{brandCode,jdbcType=VARCHAR}, #{brandName,jdbcType=VARCHAR}
      )
  </insert>
  <insert id="insertSelective" parameterType="com.gome.scs.scsservice.emp.entity.VSkuInfo">
    insert into v_sku_info
    <trim prefix="(" suffix=")" suffixOverrides=",">
      <if test="skuNo != null">
        sku_no,
      </if>
      <if test="skuName != null">
        sku_name,
      </if>
      <if test="category1Code != null">
        category1_code,
      </if>
      <if test="category1Name != null">
        category1_name,
      </if>
      <if test="categoryCode != null">
        category_code,
      </if>
      <if test="categoryName != null">
        category_name,
      </if>
      <if test="category3Code != null">
        category3_code,
      </if>
      <if test="category3Name != null">
        category3_name,
      </if>
      <if test="category4Code != null">
        category4_code,
      </if>
      <if test="category4Name != null">
        category4_name,
      </if>
      <if test="brandCode != null">
        BRAND_CODE,
      </if>
      <if test="brandName != null">
        BRAND_NAME,
      </if>
    </trim>
    <trim prefix="values (" suffix=")" suffixOverrides=",">
      <if test="skuNo != null">
        #{skuNo,jdbcType=VARCHAR},
      </if>
      <if test="skuName != null">
        #{skuName,jdbcType=VARCHAR},
      </if>
      <if test="category1Code != null">
        #{category1Code,jdbcType=VARCHAR},
      </if>
      <if test="category1Name != null">
        #{category1Name,jdbcType=VARCHAR},
      </if>
      <if test="categoryCode != null">
        #{categoryCode,jdbcType=VARCHAR},
      </if>
      <if test="categoryName != null">
        #{categoryName,jdbcType=VARCHAR},
      </if>
      <if test="category3Code != null">
        #{category3Code,jdbcType=VARCHAR},
      </if>
      <if test="category3Name != null">
        #{category3Name,jdbcType=VARCHAR},
      </if>
      <if test="category4Code != null">
        #{category4Code,jdbcType=VARCHAR},
      </if>
      <if test="category4Name != null">
        #{category4Name,jdbcType=VARCHAR},
      </if>
      <if test="brandCode != null">
        #{brandCode,jdbcType=VARCHAR},
      </if>
      <if test="brandName != null">
        #{brandName,jdbcType=VARCHAR},
      </if>
    </trim>
  </insert>
</mapper>